0.0,0.0,-0.03793221712112427,-0.09184911847114563,-0.09043687582015991,-0.16859549283981323,-0.12697374820709229,-0.23812857270240784,-0.1350771188735962,-0.29449741542339325,-0.16870951652526855,-0.14263999462127686,-0.23408687114715576,-0.10809636116027832,-0.20977932214736938,-0.08648738265037537,-0.18186712265014648,-0.09048613905906677,-0.1764531135559082,-0.084099680185318,-0.23429140448570251,-0.05449622869491577,-0.2081395983695984,-0.0366082489490509,-0.17979294061660767,-0.04324841499328613,-0.17437779903411865,-0.02276545763015747,-0.224097341299057,-0.0017706751823425293,-0.1990613341331482,0.011715829372406006,-0.17202609777450562,0.007020235061645508,-0.1660175919532776,0.03595411777496338,-0.20405715703964233,0.043773651123046875,-0.17919206619262695,0.05256354808807373,-0.15575236082077026,0.05039280652999878,yes
0.0,0.0,-0.03263413906097412,-0.09047204256057739,-0.08463877439498901,-0.17544490098953247,-0.11609655618667603,-0.24802327156066895,-0.12080413103103638,-0.3071506470441818,-0.1431071162223816,-0.16682901978492737,-0.22534233331680298,-0.13798066973686218,-0.20012551546096802,-0.11111781001091003,-0.16886824369430542,-0.11565238237380981,-0.15013355016708374,-0.10887238383293152,-0.23070698976516724,-0.0864202082157135,-0.2016979455947876,-0.06392040848731995,-0.16970592737197876,-0.06760600209236145,-0.15197396278381348,-0.04782518744468689,-0.2233434021472931,-0.032405972480773926,-0.19406837224960327,-0.014502912759780884,-0.16292470693588257,-0.017078936100006104,-0.149033784866333,0.01296079158782959,-0.20227783918380737,0.016806960105895996,-0.1765841841697693,0.02791595458984375,-0.1500098705291748,0.028076231479644775,yes
0.0,0.0,-0.03977227210998535,-0.0903404951095581,-0.09611475467681885,-0.16809144616127014,-0.12728482484817505,-0.24003320932388306,-0.12946975231170654,-0.30283352732658386,-0.16729706525802612,-0.14159291982650757,-0.24015530943870544,-0.09848016500473022,-0.21327748894691467,-0.0776013731956482,-0.18485307693481445,-0.08744317293167114,-0.17110252380371094,-0.0797569751739502,-0.23936963081359863,-0.04490134119987488,-0.21075540781021118,-0.02719271183013916,-0.18109506368637085,-0.03698152303695679,-0.1674942970275879,-0.01645582914352417,-0.22784197330474854,0.008282661437988281,-0.20023053884506226,0.022092342376708984,-0.17165648937225342,0.01369541883468628,-0.1584305763244629,0.043712615966796875,-0.2085670828819275,0.05444282293319702,-0.18384850025177002,0.06264686584472656,-0.15941601991653442,0.05753278732299805,yes
0.0,0.0,-0.040820538997650146,-0.09219503402709961,-0.09674662351608276,-0.17030197381973267,-0.12733441591262817,-0.2420860230922699,-0.12927043437957764,-0.30416861176490784,-0.16730594635009766,-0.14164307713508606,-0.2404979169368744,-0.09742900729179382,-0.21332132816314697,-0.07666948437690735,-0.18459558486938477,-0.0862119197845459,-0.1702946424484253,-0.079079270362854,-0.2394881248474121,-0.0438656210899353,-0.21065998077392578,-0.02660757303237915,-0.18057501316070557,-0.03581726551055908,-0.16595429182052612,-0.014682233333587646,-0.22767895460128784,0.010673344135284424,-0.20092076063156128,0.024173617362976074,-0.17254388332366943,0.01629197597503662,-0.1567339301109314,0.04666435718536377,-0.20897775888442993,0.05821102857589722,-0.1880747675895691,0.06584352254867554,-0.16586530208587646,0.06169706583023071,yes
0.0,0.0,-0.040830790996551514,-0.09131252765655518,-0.0978286862373352,-0.16848906874656677,-0.13100969791412354,-0.2393457591533661,-0.13514447212219238,-0.30049560964107513,-0.1656562089920044,-0.14197641611099243,-0.24124285578727722,-0.10142993927001953,-0.2143702507019043,-0.07872927188873291,-0.1849237084388733,-0.08636629581451416,-0.1688792109489441,-0.08016183972358704,-0.24171805381774902,-0.04586777091026306,-0.2121921181678772,-0.027841925621032715,-0.18104511499404907,-0.03617066144943237,-0.16490036249160767,-0.01652488112449646,-0.2302374541759491,0.008733987808227539,-0.2025551199913025,0.02232426404953003,-0.17334741353988647,0.015327930450439453,-0.1559617519378662,0.044548213481903076,-0.21071499586105347,0.05500996112823486,-0.1883065104484558,0.06248617172241211,-0.16477054357528687,0.05868387222290039,yes
0.0,0.0,-0.04259324073791504,-0.09246209263801575,-0.10228073596954346,-0.17089524865150452,-0.13568979501724243,-0.24255436658859253,-0.14052259922027588,-0.30487531423568726,-0.1708998680114746,-0.14478561282157898,-0.2523576021194458,-0.09733110666275024,-0.22388696670532227,-0.07509627938270569,-0.19289684295654297,-0.08542081713676453,-0.17164123058319092,-0.08343470096588135,-0.2520257532596588,-0.04280853271484375,-0.22031855583190918,-0.024768054485321045,-0.18754184246063232,-0.03475707769393921,-0.1653304100036621,-0.019291549921035767,-0.23819616436958313,0.011768221855163574,-0.20841765403747559,0.0261344313621521,-0.17761898040771484,0.0176389217376709,-0.15385288000106812,0.04346764087677002,-0.21482723951339722,0.05912482738494873,-0.19466572999954224,0.06852424144744873,-0.17166900634765625,0.06533777713775635,yes
0.0,0.0,-0.040943145751953125,-0.099712073802948,-0.09898149967193604,-0.1823045015335083,-0.13344305753707886,-0.2564709782600403,-0.1393071413040161,-0.3183247148990631,-0.16779887676239014,-0.1561969816684723,-0.250988245010376,-0.11459323763847351,-0.22317010164260864,-0.09225445985794067,-0.19138222932815552,-0.0998670756816864,-0.17214727401733398,-0.08956757187843323,-0.25021448731422424,-0.05794981122016907,-0.21965336799621582,-0.03899809718132019,-0.18698585033416748,-0.046501338481903076,-0.1692093014717102,-0.021921992301940918,-0.23860126733779907,-0.002261221408843994,-0.20943057537078857,0.012614667415618896,-0.17853832244873047,0.007108092308044434,-0.1608523726463318,0.04290241003036499,-0.2182234525680542,0.04680907726287842,-0.19244980812072754,0.055631399154663086,-0.1662156581878662,0.05352437496185303,yes
0.0,0.0,-0.03299903869628906,-0.10810256004333496,-0.08241283893585205,-0.18916285037994385,-0.11449331045150757,-0.266206830739975,-0.11521577835083008,-0.33058853447437286,-0.17629826068878174,-0.14556366205215454,-0.2326022982597351,-0.1221151351928711,-0.20629197359085083,-0.10811874270439148,-0.17583030462265015,-0.10839956998825073,-0.18653926253318787,-0.07723373174667358,-0.23173046112060547,-0.06708881258964539,-0.20610108971595764,-0.05753016471862793,-0.17735451459884644,-0.05963408946990967,-0.18407279253005981,-0.010041117668151855,-0.22106724977493286,-0.012480378150939941,-0.19876229763031006,-0.004578709602355957,-0.1711941659450531,-0.0033017992973327637,-0.17500275373458862,0.05089288949966431,-0.20381098985671997,0.04015928506851196,-0.18237373232841492,0.041903138160705566,-0.15995728969573975,0.04104572534561157,yes
0.0,0.0,-0.02504563331604004,-0.08824366331100464,-0.06415897607803345,-0.15296310186386108,-0.08982503414154053,-0.21360749006271362,-0.091258704662323,-0.2647952437400818,-0.15112066268920898,-0.11612489819526672,-0.1906261444091797,-0.09233134984970093,-0.1692183017730713,-0.07825362682342529,-0.14469793438911438,-0.0779934823513031,-0.16043493151664734,-0.06083455681800842,-0.19029021263122559,-0.045071154832839966,-0.1699962615966797,-0.03559589385986328,-0.1466333568096161,-0.03909808397293091,-0.1575591266155243,-0.006527721881866455,-0.18137392401695251,-0.001695871353149414,-0.16280469298362732,0.005783379077911377,-0.1397342085838318,0.004926800727844238,-0.14900952577590942,0.04126095771789551,-0.16249904036521912,0.040669798851013184,-0.1433749496936798,0.043100595474243164,-0.12424987554550171,0.03957945108413696,yes
0.0,0.0,-0.025807678699493408,-0.07172980904579163,-0.06419950723648071,-0.13207191228866577,-0.0891382098197937,-0.1859188675880432,-0.09258055686950684,-0.2311825156211853,-0.1392674744129181,-0.10297909379005432,-0.17870423197746277,-0.07311946153640747,-0.15888634324073792,-0.05868074297904968,-0.13552039861679077,-0.061096370220184326,-0.14638125896453857,-0.05626872181892395,-0.17792809009552002,-0.03280341625213623,-0.15806302428245544,-0.022466272115707397,-0.13655871152877808,-0.02818503975868225,-0.14394724369049072,-0.008960723876953125,-0.1710328459739685,0.00494617223739624,-0.15241950750350952,0.013237714767456055,-0.1309911608695984,0.009800732135772705,-0.13654375076293945,0.0356522798538208,-0.15748456120491028,0.039625585079193115,-0.13839933276176453,0.0434795618057251,-0.11919030547142029,0.04004716873168945,yes
0.0,0.0,-0.022299230098724365,-0.06510639190673828,-0.05785858631134033,-0.1221889853477478,-0.07967191934585571,-0.17199772596359253,-0.0820780098438263,-0.213298499584198,-0.12805849313735962,-0.1016029417514801,-0.1670190393924713,-0.06903219223022461,-0.14886638522148132,-0.052359968423843384,-0.12623107433319092,-0.054178059101104736,-0.13555485010147095,-0.0596558153629303,-0.16552108526229858,-0.030745238065719604,-0.14605671167373657,-0.01866292953491211,-0.12472754716873169,-0.024920761585235596,-0.1347333788871765,-0.015333592891693115,-0.15818992257118225,0.005109965801239014,-0.1394999921321869,0.014737606048583984,-0.11897701025009155,0.00998455286026001,-0.12939712405204773,0.027636408805847168,-0.14529705047607422,0.04012340307235718,-0.12496823072433472,0.04531890153884888,-0.10657984018325806,0.04017132520675659,yes
0.0,0.0,-0.02201402187347412,-0.06472483277320862,-0.05507594347000122,-0.11845296621322632,-0.0760621428489685,-0.16651052236557007,-0.07769697904586792,-0.20747822523117065,-0.12175655364990234,-0.09450924396514893,-0.15834543108940125,-0.06863212585449219,-0.1415819525718689,-0.05601826310157776,-0.12164738774299622,-0.057737261056900024,-0.12759652733802795,-0.053052037954330444,-0.15867650508880615,-0.0344962477684021,-0.1418551802635193,-0.024875015020370483,-0.12181049585342407,-0.02821013331413269,-0.12589216232299805,-0.011135578155517578,-0.15226519107818604,2.962350845336914e-05,-0.13674411177635193,0.008379101753234863,-0.11776116490364075,0.006407201290130615,-0.12013638019561768,0.02858179807662964,-0.1419413685798645,0.03166341781616211,-0.12510502338409424,0.03651541471481323,-0.10770124197006226,0.034384191036224365,yes
0.0,0.0,-0.02113640308380127,-0.061711788177490234,-0.05386286973953247,-0.11749312281608582,-0.07288703322410583,-0.1669366955757141,-0.07295390963554382,-0.20653024315834045,-0.11115506291389465,-0.10273221135139465,-0.15582260489463806,-0.08257180452346802,-0.13958889245986938,-0.06575968861579895,-0.1189669668674469,-0.06682038307189941,-0.11797934770584106,-0.06445881724357605,-0.15771374106407166,-0.046344906091690063,-0.1398642361164093,-0.03279218077659607,-0.11959445476531982,-0.036325544118881226,-0.11898854374885559,-0.023721754550933838,-0.15170744061470032,-0.008503258228302002,-0.13458746671676636,0.0010223388671875,-0.11555153131484985,-0.0022017359733581543,-0.11559984087944031,0.016126811504364014,-0.13833266496658325,0.024920523166656494,-0.12153345346450806,0.029353439807891846,-0.10527864098548889,0.02575618028640747,yes
0.0,0.0,-0.03692680597305298,-0.13446471095085144,-0.09670913219451904,-0.23276326060295105,-0.13376301527023315,-0.32824042439460754,-0.13482075929641724,-0.40665215253829956,-0.2019748091697693,-0.19244155287742615,-0.28232690691947937,-0.1708267629146576,-0.2505524158477783,-0.15452373027801514,-0.2162245512008667,-0.15496546030044556,-0.21591201424598694,-0.10939118266105652,-0.2844640016555786,-0.10553988814353943,-0.2528272569179535,-0.09286049008369446,-0.2176811397075653,-0.09230789542198181,-0.21531331539154053,-0.02805483341217041,-0.2753269374370575,-0.03923153877258301,-0.2482319176197052,-0.030819475650787354,-0.21400168538093567,-0.02720564603805542,-0.2061377465724945,0.043349623680114746,-0.25236988067626953,0.02365940809249878,-0.22645461559295654,0.026975393295288086,-0.19899800419807434,0.028602957725524902,yes
0.0,0.0,-0.03487098217010498,-0.12051409482955933,-0.08852547407150269,-0.20791015028953552,-0.1241614818572998,-0.29328015446662903,-0.12769770622253418,-0.36566945910453796,-0.19074836373329163,-0.16013729572296143,-0.257884681224823,-0.14524534344673157,-0.22901999950408936,-0.13656508922576904,-0.19699925184249878,-0.13443642854690552,-0.20356231927871704,-0.08260190486907959,-0.25992703437805176,-0.08265095949172974,-0.23181387782096863,-0.07823657989501953,-0.20009493827819824,-0.07638430595397949,-0.20134344696998596,-0.007473349571228027,-0.2516755163669586,-0.01900660991668701,-0.2276633381843567,-0.01728922128677368,-0.19646230340003967,-0.012838900089263916,-0.19167569279670715,0.05793440341949463,-0.23171082139015198,0.04087740182876587,-0.209092915058136,0.03723490238189697,-0.18432658910751343,0.038404643535614014,yes
0.0,0.0,-0.035573363304138184,-0.12409251928329468,-0.08617335557937622,-0.21922725439071655,-0.12101435661315918,-0.31043195724487305,-0.12262403964996338,-0.3845568597316742,-0.20168578624725342,-0.17006728053092957,-0.2649936378002167,-0.16580021381378174,-0.23237299919128418,-0.15647953748703003,-0.20010122656822205,-0.15121117234230042,-0.2158815860748291,-0.0895538330078125,-0.26676949858665466,-0.10418885946273804,-0.23739886283874512,-0.10154926776885986,-0.20669147372245789,-0.09670102596282959,-0.21500957012176514,-0.013580024242401123,-0.2572808563709259,-0.039812326431274414,-0.23341965675354004,-0.03910261392593384,-0.20303186774253845,-0.033168017864227295,-0.2071121335029602,0.051267921924591064,-0.24276044964790344,0.02294743061065674,-0.2179068624973297,0.01968669891357422,-0.19137150049209595,0.02104008197784424,yes
0.0,0.0,-0.03299075365066528,-0.11872398853302002,-0.0904574990272522,-0.2167184054851532,-0.12417054176330566,-0.30543723702430725,-0.12737101316452026,-0.37502461671829224,-0.16435182094573975,-0.18523254990577698,-0.2586415410041809,-0.1786259412765503,-0.22958391904830933,-0.15242496132850647,-0.19323140382766724,-0.1463841199874878,-0.1790459156036377,-0.11159336566925049,-0.2676598131656647,-0.1131824254989624,-0.23587429523468018,-0.09590691328048706,-0.19872552156448364,-0.09359872341156006,-0.18476229906082153,-0.03821641206741333,-0.2601425349712372,-0.052185654640197754,-0.23186808824539185,-0.04148983955383301,-0.1991519331932068,-0.03538566827774048,-0.18269526958465576,0.027690470218658447,-0.23287338018417358,0.003631591796875,-0.20784664154052734,0.0080491304397583,-0.1836320161819458,0.012390613555908203,yes
0.0,0.0,-0.03491324186325073,-0.11567676067352295,-0.09145259857177734,-0.20868104696273804,-0.1224939227104187,-0.29474544525146484,-0.12419348955154419,-0.36311468482017517,-0.1627568006515503,-0.17100733518600464,-0.25239890813827515,-0.16267341375350952,-0.22439509630203247,-0.1403840184211731,-0.1886630654335022,-0.13636869192123413,-0.17438876628875732,-0.09978264570236206,-0.2584991157054901,-0.10122668743133545,-0.22797352075576782,-0.08627426624298096,-0.1926615834236145,-0.08524638414382935,-0.1775728464126587,-0.029720067977905273,-0.2489272952079773,-0.044377028942108154,-0.22153836488723755,-0.03522688150405884,-0.18968278169631958,-0.030868470668792725,-0.17438435554504395,0.03404366970062256,-0.22920048236846924,0.011108756065368652,-0.20512783527374268,0.013753831386566162,-0.1795026659965515,0.016940534114837646,yes
0.0,0.0,-0.03286337852478027,-0.11218619346618652,-0.08559298515319824,-0.20223355293273926,-0.11617863178253174,-0.28485819697380066,-0.11866623163223267,-0.3516846299171448,-0.15741372108459473,-0.16654741764068604,-0.24223178625106812,-0.1569296419620514,-0.21812939643859863,-0.13612079620361328,-0.18531620502471924,-0.13067162036895752,-0.16819345951080322,-0.09784454107284546,-0.24681097269058228,-0.09817838668823242,-0.22049468755722046,-0.08507281541824341,-0.1885521411895752,-0.08437705039978027,-0.17105019092559814,-0.02874302864074707,-0.2396489977836609,-0.0439305305480957,-0.21464014053344727,-0.035421013832092285,-0.18453586101531982,-0.03128409385681152,-0.16843223571777344,0.03455507755279541,-0.22435200214385986,0.007945895195007324,-0.20244640111923218,0.010302186012268066,-0.17803829908370972,0.013502359390258789,yes
0.0,0.0,-0.03019338846206665,-0.11095070838928223,-0.07961690425872803,-0.19331160187721252,-0.10987216234207153,-0.27359238266944885,-0.11173766851425171,-0.33932602405548096,-0.15978080034255981,-0.16008156538009644,-0.23538333177566528,-0.15058791637420654,-0.2078971266746521,-0.13526105880737305,-0.1764051914215088,-0.13268399238586426,-0.173658549785614,-0.0919414758682251,-0.24152904748916626,-0.09318310022354126,-0.21321213245391846,-0.0850115418434143,-0.1810166835784912,-0.08411043882369995,-0.17672491073608398,-0.025195002555847168,-0.234183669090271,-0.037765681743621826,-0.20944923162460327,-0.03348064422607422,-0.18057125806808472,-0.028809845447540283,-0.17235326766967773,0.03284561634063721,-0.20787781476974487,0.013781428337097168,-0.1849583387374878,0.014560282230377197,-0.16342121362686157,0.017227113246917725,yes
0.0,0.0,-0.03424197435379028,-0.1049811840057373,-0.08280760049819946,-0.18145498633384705,-0.11407989263534546,-0.2563450336456299,-0.11343991756439209,-0.3209194540977478,-0.16897594928741455,-0.13694894313812256,-0.23346957564353943,-0.12122154235839844,-0.2077835202217102,-0.11190354824066162,-0.1796121597290039,-0.11208999156951904,-0.17757034301757812,-0.06909441947937012,-0.23410853743553162,-0.06584876775741577,-0.20884954929351807,-0.060983479022979736,-0.18022561073303223,-0.062208592891693115,-0.17506688833236694,-0.0038767457008361816,-0.2243361473083496,-0.01223534345626831,-0.20291593670845032,-0.00964444875717163,-0.17574995756149292,-0.007542550563812256,-0.1664910912513733,0.05311101675033569,-0.20400455594062805,0.03664803504943848,-0.1845056116580963,0.03474092483520508,-0.16338497400283813,0.03479719161987305,yes
0.0,0.0,-0.027131080627441406,-0.10207688808441162,-0.07069313526153564,-0.17790943384170532,-0.09873270988464355,-0.25112777948379517,-0.09933453798294067,-0.31084924936294556,-0.16540533304214478,-0.14222580194473267,-0.21882665157318115,-0.12281468510627747,-0.19487673044204712,-0.10907018184661865,-0.16696345806121826,-0.1077013909816742,-0.1775745451450348,-0.07962256669998169,-0.220307856798172,-0.06997191905975342,-0.1967276632785797,-0.06078070402145386,-0.1698189377784729,-0.0620691180229187,-0.1766960620880127,-0.01768726110458374,-0.2107773721218109,-0.018358230590820312,-0.1905342936515808,-0.011511027812957764,-0.1647835373878479,-0.009823918342590332,-0.16895556449890137,0.038127899169921875,-0.1936098337173462,0.0305478572845459,-0.17335453629493713,0.03171342611312866,-0.15208858251571655,0.030410468578338623,yes
0.0,0.0,-0.02526921033859253,-0.09760913252830505,-0.06629446148872375,-0.17255422472953796,-0.09258982539176941,-0.24314439296722412,-0.09392118453979492,-0.3011283278465271,-0.16305255889892578,-0.14023348689079285,-0.2106245458126068,-0.12258967757225037,-0.18778181076049805,-0.10804605484008789,-0.16036811470985413,-0.10508829355239868,-0.17605721950531006,-0.07852214574813843,-0.2098483443260193,-0.0693468451499939,-0.18916785717010498,-0.06021994352340698,-0.16431090235710144,-0.06120765209197998,-0.1748071312904358,-0.0171966552734375,-0.20304390788078308,-0.0213162899017334,-0.18439969420433044,-0.01340395212173462,-0.15885484218597412,-0.010888993740081787,-0.1668446958065033,0.03742796182632446,-0.18501293659210205,0.03022611141204834,-0.16463792324066162,0.03250032663345337,-0.14312320947647095,0.03182363510131836,yes
0.0,0.0,-0.02274024486541748,-0.09671315550804138,-0.060845911502838135,-0.17288514971733093,-0.08602908253669739,-0.2446170449256897,-0.08885955810546875,-0.2999451756477356,-0.1551547646522522,-0.1382037103176117,-0.2028752565383911,-0.12850332260131836,-0.17937764525413513,-0.11759144067764282,-0.15277519822120667,-0.11392316222190857,-0.1678069531917572,-0.07810848951339722,-0.20419734716415405,-0.07856637239456177,-0.18223446607589722,-0.07296162843704224,-0.1565549671649933,-0.07037562131881714,-0.16775810718536377,-0.019204914569854736,-0.1983828842639923,-0.030756592750549316,-0.17975369095802307,-0.02561098337173462,-0.15493059158325195,-0.02052062749862671,-0.16156485676765442,0.033052802085876465,-0.18455013632774353,0.01876896619796753,-0.16465315222740173,0.020432114601135254,-0.14303934574127197,0.022486507892608643,yes
0.0,0.0,-0.02421867847442627,-0.09801101684570312,-0.0640597939491272,-0.172285258769989,-0.09025001525878906,-0.2434813380241394,-0.09018975496292114,-0.30084100365638733,-0.15286090970039368,-0.13722416758537292,-0.20201629400253296,-0.13038042187690735,-0.17797744274139404,-0.12177872657775879,-0.1516927182674408,-0.1184142529964447,-0.16547688841819763,-0.07732897996902466,-0.20581376552581787,-0.08166331052780151,-0.18357279896736145,-0.07814878225326538,-0.15779340267181396,-0.0751388669013977,-0.16568982601165771,-0.018945932388305664,-0.19913679361343384,-0.03092336654663086,-0.18017002940177917,-0.028417468070983887,-0.15575161576271057,-0.023569047451019287,-0.15929770469665527,0.03264254331588745,-0.18348947167396545,0.016779303550720215,-0.16498228907585144,0.015508413314819336,-0.1452852487564087,0.01709926128387451,yes
0.0,0.0,-0.026979923248291016,-0.09409749507904053,-0.06896615028381348,-0.16676414012908936,-0.09600520133972168,-0.23824501037597656,-0.09688186645507812,-0.2943633794784546,-0.15079769492149353,-0.13001501560211182,-0.20470160245895386,-0.12225425243377686,-0.1826939582824707,-0.1142575740814209,-0.15789270401000977,-0.1119421124458313,-0.1601073145866394,-0.07038551568984985,-0.20751118659973145,-0.07222175598144531,-0.18616944551467896,-0.06857949495315552,-0.16151607036590576,-0.06742656230926514,-0.15942400693893433,-0.012813389301300049,-0.20016801357269287,-0.024679481983184814,-0.1817018985748291,-0.02230590581893921,-0.15806087851524353,-0.01814556121826172,-0.15279319882392883,0.03813868761062622,-0.1841624677181244,0.019422531127929688,-0.16619011759757996,0.01850372552871704,-0.14707180857658386,0.020505011081695557,yes
0.0,0.0,-0.025298655033111572,-0.09509241580963135,-0.06852620840072632,-0.16856950521469116,-0.09558582305908203,-0.23867559432983398,-0.0951119065284729,-0.2960168719291687,-0.14494651556015015,-0.13702896237373352,-0.20254763960838318,-0.12565863132476807,-0.17993372678756714,-0.1134641170501709,-0.1537850797176361,-0.11158686876296997,-0.155551940202713,-0.07741063833236694,-0.20772361755371094,-0.07612574100494385,-0.185788094997406,-0.06824749708175659,-0.1597052812576294,-0.06750142574310303,-0.1570127010345459,-0.01916825771331787,-0.20223066210746765,-0.027951598167419434,-0.18287423253059387,-0.022481262683868408,-0.15837782621383667,-0.018690943717956543,-0.15247619152069092,0.03260546922683716,-0.18704479932785034,0.015952646732330322,-0.1683858036994934,0.016840338706970215,-0.1484362781047821,0.0185544490814209,yes
0.0,0.0,-0.02720588445663452,-0.09387826919555664,-0.06989932060241699,-0.16702154278755188,-0.09616261720657349,-0.2366531491279602,-0.09520220756530762,-0.293340265750885,-0.13996654748916626,-0.13670474290847778,-0.20235753059387207,-0.12935328483581543,-0.18077635765075684,-0.11360925436019897,-0.1533057689666748,-0.1084713339805603,-0.15165013074874878,-0.07867187261581421,-0.20673292875289917,-0.07960671186447144,-0.18350377678871155,-0.07115530967712402,-0.15592676401138306,-0.06982201337814331,-0.15417981147766113,-0.022106170654296875,-0.2012232542037964,-0.0335693359375,-0.18125131726264954,-0.028699636459350586,-0.15646108984947205,-0.02402561902999878,-0.1507459282875061,0.028127193450927734,-0.1809583604335785,0.012317836284637451,-0.16188845038414001,0.013558745384216309,-0.1429980993270874,0.01598799228668213,yes
0.0,0.0,-0.027280449867248535,-0.09446054697036743,-0.07013678550720215,-0.1674494743347168,-0.09591794013977051,-0.23633605241775513,-0.09628349542617798,-0.29128697514533997,-0.13388729095458984,-0.13681036233901978,-0.20100173354148865,-0.13061273097991943,-0.18028348684310913,-0.1123814582824707,-0.15283972024917603,-0.10695779323577881,-0.14500433206558228,-0.07938653230667114,-0.20554637908935547,-0.07965779304504395,-0.1830064356327057,-0.06864666938781738,-0.15679723024368286,-0.06812846660614014,-0.14760202169418335,-0.022030353546142578,-0.20035076141357422,-0.032874107360839844,-0.1793692708015442,-0.025880634784698486,-0.15481466054916382,-0.021979928016662598,-0.1439056396484375,0.02986001968383789,-0.18379250168800354,0.012813568115234375,-0.165158212184906,0.014436721801757812,-0.1457691788673401,0.016528785228729248,yes
0.0,0.0,-0.027161359786987305,-0.09106189012527466,-0.06980741024017334,-0.1647270917892456,-0.09328216314315796,-0.23159515857696533,-0.0937005877494812,-0.2849646806716919,-0.13005858659744263,-0.13356393575668335,-0.1988143026828766,-0.13072717189788818,-0.17795199155807495,-0.11394965648651123,-0.14968764781951904,-0.10813862085342407,-0.13903021812438965,-0.07799959182739258,-0.20172131061553955,-0.07925355434417725,-0.17957717180252075,-0.06858581304550171,-0.1527363657951355,-0.06751960515975952,-0.14132720232009888,-0.022107303142547607,-0.19530361890792847,-0.03363913297653198,-0.17548078298568726,-0.026357293128967285,-0.151211678981781,-0.022153913974761963,-0.1385083794593811,0.029552578926086426,-0.18289309740066528,0.00999683141708374,-0.16522395610809326,0.01190119981765747,-0.14506030082702637,0.015291690826416016,yes
0.0,0.0,-0.02498471736907959,-0.08905774354934692,-0.06718510389328003,-0.16262629628181458,-0.08870291709899902,-0.22954726219177246,-0.08576321601867676,-0.28252899646759033,-0.12155532836914062,-0.13518035411834717,-0.19334208965301514,-0.1326485276222229,-0.17012274265289307,-0.11581772565841675,-0.1407063603401184,-0.11129653453826904,-0.13044553995132446,-0.08005297183990479,-0.1964099407196045,-0.08487516641616821,-0.1719464659690857,-0.07283103466033936,-0.14401710033416748,-0.07116568088531494,-0.13414835929870605,-0.025232374668121338,-0.18950706720352173,-0.03897523880004883,-0.1676546335220337,-0.031061112880706787,-0.1424068808555603,-0.027625322341918945,-0.13331234455108643,0.025551557540893555,-0.17612403631210327,0.004722714424133301,-0.15734970569610596,0.007453262805938721,-0.13689303398132324,0.010840296745300293,yes
0.0,0.0,-0.01802372932434082,-0.0711328387260437,-0.050417035818099976,-0.13071560859680176,-0.07188160717487335,-0.18353170156478882,-0.07525162398815155,-0.22800076007843018,-0.1419295370578766,-0.09196734428405762,-0.13791966438293457,-0.07236266136169434,-0.11430716514587402,-0.06193080544471741,-0.09754180908203125,-0.06045663356781006,-0.15085437893867493,-0.04423201084136963,-0.13832730054855347,-0.03041607141494751,-0.11596043407917023,-0.025081634521484375,-0.09961926937103271,-0.027649760246276855,-0.14721277356147766,0.0021431446075439453,-0.13554932177066803,0.007483541965484619,-0.11596867442131042,0.007580697536468506,-0.0990382730960846,0.003299534320831299,-0.1396523267030716,0.04492229223251343,-0.13131946325302124,0.046418964862823486,-0.1112000048160553,0.042839765548706055,-0.09612146019935608,0.03786879777908325,yes
0.0,0.0,-0.01947644352912903,-0.071433424949646,-0.055437952280044556,-0.13108623027801514,-0.07969377934932709,-0.18501579761505127,-0.08087565004825592,-0.23112264275550842,-0.1461954414844513,-0.09174659848213196,-0.144783154129982,-0.07030165195465088,-0.12079598009586334,-0.05839294195175171,-0.10327056050300598,-0.056021153926849365,-0.15500730276107788,-0.04348379373550415,-0.1415700763463974,-0.02699565887451172,-0.11850912868976593,-0.021796226501464844,-0.1015230119228363,-0.024800896644592285,-0.151261568069458,0.002912163734436035,-0.1378052830696106,0.010229885578155518,-0.11818462610244751,0.009845554828643799,-0.10080516338348389,0.004967391490936279,-0.14407803118228912,0.04527449607849121,-0.13459506630897522,0.04720795154571533,-0.11443433165550232,0.0439145565032959,-0.09917551279067993,0.038752973079681396,yes
0.0,0.0,-0.01846635341644287,-0.07820183038711548,-0.05063408613204956,-0.1399843692779541,-0.07280445098876953,-0.19705531001091003,-0.07370805740356445,-0.24405375123023987,-0.11830154061317444,-0.12014263868331909,-0.16616010665893555,-0.10605072975158691,-0.14742302894592285,-0.0910060703754425,-0.12561017274856567,-0.09026697278022766,-0.12895214557647705,-0.0727313756942749,-0.16965341567993164,-0.0658348798751831,-0.15031039714813232,-0.05387753248214722,-0.12906712293624878,-0.054215967655181885,-0.13111215829849243,-0.025095880031585693,-0.16460078954696655,-0.024495422840118408,-0.14714109897613525,-0.014466404914855957,-0.12667545676231384,-0.012636542320251465,-0.12796103954315186,0.01877427101135254,-0.15339604020118713,0.015286862850189209,-0.13580453395843506,0.021531283855438232,-0.11792907118797302,0.022802114486694336,yes
0.0,0.0,-0.018635571002960205,-0.07457733154296875,-0.04878634214401245,-0.13377797603607178,-0.06889456510543823,-0.18844085931777954,-0.07116532325744629,-0.2322944700717926,-0.11556810140609741,-0.11165663599967957,-0.15950530767440796,-0.09876081347465515,-0.14232978224754333,-0.08624160289764404,-0.12181910872459412,-0.08537936210632324,-0.12411144375801086,-0.06552940607070923,-0.16219258308410645,-0.06006968021392822,-0.14404523372650146,-0.05091392993927002,-0.1231168806552887,-0.050701677799224854,-0.12506049871444702,-0.01967477798461914,-0.15721148252487183,-0.02146327495574951,-0.14169442653656006,-0.013631880283355713,-0.12239775061607361,-0.011216521263122559,-0.1219392716884613,0.022471129894256592,-0.14879664778709412,0.012926995754241943,-0.13376149535179138,0.017173171043395996,-0.11709511280059814,0.01905810832977295,yes
0.0,0.0,-0.01781177520751953,-0.07521474361419678,-0.047519683837890625,-0.135101318359375,-0.06677418947219849,-0.19064229726791382,-0.06543970108032227,-0.2364526093006134,-0.11079052090644836,-0.11194396018981934,-0.15372467041015625,-0.10784482955932617,-0.13654375076293945,-0.09892904758453369,-0.11688518524169922,-0.09624499082565308,-0.12058460712432861,-0.06635433435440063,-0.15924108028411865,-0.07185947895050049,-0.14278143644332886,-0.06593388319015503,-0.12323281168937683,-0.06284117698669434,-0.12324300408363342,-0.02164435386657715,-0.15632551908493042,-0.03503835201263428,-0.1426539123058319,-0.029715538024902344,-0.12456512451171875,-0.023987948894500732,-0.12217095494270325,0.018683195114135742,-0.15090930461883545,-0.0006260275840759277,-0.13752880692481995,0.0013873577117919922,-0.1220276951789856,0.005984067916870117,yes
0.0,0.0,-0.01788419485092163,-0.07564496994018555,-0.046474575996398926,-0.1359596848487854,-0.06566494703292847,-0.19182991981506348,-0.06454098224639893,-0.23611566424369812,-0.1035575270652771,-0.10720151662826538,-0.15021881461143494,-0.11166161298751831,-0.13372981548309326,-0.10382080078125,-0.1128656268119812,-0.09867346286773682,-0.1146923303604126,-0.061826467514038086,-0.15608376264572144,-0.07235032320022583,-0.13926613330841064,-0.06997430324554443,-0.11863213777542114,-0.06589287519454956,-0.11792558431625366,-0.017635464668273926,-0.15390145778656006,-0.03372102975845337,-0.13938885927200317,-0.03265738487243652,-0.12078732252120972,-0.026580393314361572,-0.11618882417678833,0.02114689350128174,-0.14103859663009644,0.002802729606628418,-0.12757369875907898,0.0014340877532958984,-0.11285120248794556,0.005564272403717041,yes
0.0,0.0,-0.0165327787399292,-0.07757174968719482,-0.04503601789474487,-0.13711798191070557,-0.06217598915100098,-0.19217368960380554,-0.05883830785751343,-0.2358270287513733,-0.10430866479873657,-0.11528146266937256,-0.15109625458717346,-0.11513441801071167,-0.1332016885280609,-0.1055673360824585,-0.11171120405197144,-0.10133713483810425,-0.11525619029998779,-0.06947124004364014,-0.15749746561050415,-0.07571887969970703,-0.13937196135520935,-0.07052338123321533,-0.1179305911064148,-0.06741666793823242,-0.11837553977966309,-0.024406373500823975,-0.15334230661392212,-0.036878228187561035,-0.13801679015159607,-0.03355050086975098,-0.11886084079742432,-0.028966426849365234,-0.11647981405258179,0.016030490398406982,-0.1423010230064392,0.00023549795150756836,-0.1277894675731659,0.0006210207939147949,-0.11211693286895752,0.0035943984985351562,yes
0.0,0.0,-0.01659327745437622,-0.07034879922866821,-0.04583197832107544,-0.13505813479423523,-0.06137263774871826,-0.1885492205619812,-0.06031930446624756,-0.2301890254020691,-0.107087641954422,-0.12939539551734924,-0.15841490030288696,-0.11564543843269348,-0.14247030019760132,-0.09392809867858887,-0.1196020245552063,-0.09170305728912354,-0.11677047610282898,-0.09079906344413757,-0.16561546921730042,-0.07843872904777527,-0.14700454473495483,-0.06016528606414795,-0.12383607029914856,-0.06130382418632507,-0.12073418498039246,-0.04914572834968567,-0.16254329681396484,-0.03766143321990967,-0.14413923025131226,-0.023318231105804443,-0.1229516863822937,-0.025566130876541138,-0.12033849954605103,-0.007856041193008423,-0.1508823037147522,0.0002529025077819824,-0.13232046365737915,0.00971725583076477,-0.11367768049240112,0.007991224527359009,yes
0.0,0.0,-0.02295231819152832,-0.07987344264984131,-0.06419998407363892,-0.15264266729354858,-0.08661288022994995,-0.21674270927906036,-0.08629894256591797,-0.26809340715408325,-0.1415129005908966,-0.13587841391563416,-0.1962089240550995,-0.10670047998428345,-0.17506542801856995,-0.08657139539718628,-0.14845037460327148,-0.08913213014602661,-0.15046489238739014,-0.0868481993675232,-0.19964122772216797,-0.06112438440322876,-0.1772449016571045,-0.04535531997680664,-0.15150198340415955,-0.051929861307144165,-0.15131449699401855,-0.035769879817962646,-0.1922275424003601,-0.015295684337615967,-0.1709882616996765,-0.0035999417304992676,-0.1467355191707611,-0.009246110916137695,-0.1462094783782959,0.013139307498931885,-0.17522358894348145,0.02518370747566223,-0.1537509560585022,0.031726062297821045,-0.13242867588996887,0.026504874229431152,yes
0.0,0.0,-0.023922860622406006,-0.09563523530960083,-0.0684058666229248,-0.1819082796573639,-0.09188199043273926,-0.2609614133834839,-0.0888933539390564,-0.32304057478904724,-0.1548033058643341,-0.16204297542572021,-0.2183402180671692,-0.133142352104187,-0.19430124759674072,-0.11165651679039001,-0.16444021463394165,-0.11575710773468018,-0.1666206419467926,-0.10321414470672607,-0.2227475643157959,-0.07911783456802368,-0.19723039865493774,-0.062496572732925415,-0.1681700348854065,-0.06954771280288696,-0.16907179355621338,-0.042463988065719604,-0.2162090241909027,-0.024749159812927246,-0.1915440857410431,-0.012315601110458374,-0.16350114345550537,-0.017697155475616455,-0.16499510407447815,0.01416701078414917,-0.19770359992980957,0.02129995822906494,-0.17289531230926514,0.029304921627044678,-0.14828497171401978,0.024598360061645508,yes
0.0,0.0,-0.023616135120391846,-0.10422161221504211,-0.067111074924469,-0.1944451928138733,-0.09038835763931274,-0.2765113264322281,-0.08812505006790161,-0.3414401113986969,-0.1583087146282196,-0.1728915572166443,-0.22335508465766907,-0.14882349967956543,-0.19861310720443726,-0.12725955247879028,-0.16851261258125305,-0.12930524349212646,-0.1725558638572693,-0.10969477891921997,-0.22813263535499573,-0.09555453062057495,-0.20220139622688293,-0.07800623774528503,-0.17260956764221191,-0.08123338222503662,-0.17638126015663147,-0.045140355825424194,-0.22331196069717407,-0.041417598724365234,-0.19870656728744507,-0.026953428983688354,-0.16957321763038635,-0.02707308530807495,-0.1730313003063202,0.014625877141952515,-0.20893073081970215,0.008882701396942139,-0.18419700860977173,0.019444167613983154,-0.15869712829589844,0.02007317543029785,yes
0.0,0.0,-0.02619713544845581,-0.10049113631248474,-0.07172101736068726,-0.18633347749710083,-0.09842205047607422,-0.2675451338291168,-0.09820377826690674,-0.3342479169368744,-0.16527998447418213,-0.15311795473098755,-0.2246236801147461,-0.13345855474472046,-0.20045232772827148,-0.11792778968811035,-0.17085659503936768,-0.11811801791191101,-0.1781516969203949,-0.08970385789871216,-0.22901219129562378,-0.0827597975730896,-0.20437058806419373,-0.07206183671951294,-0.17538142204284668,-0.07362905144691467,-0.17961320281028748,-0.027173489332199097,-0.2219167947769165,-0.030862092971801758,-0.19925746321678162,-0.022761672735214233,-0.17116087675094604,-0.020927250385284424,-0.17437124252319336,0.02879810333251953,-0.20473408699035645,0.0154343843460083,-0.1814630925655365,0.020075082778930664,-0.15735957026481628,0.02131044864654541,yes
0.0,0.0,-0.028237760066986084,-0.10348811745643616,-0.07422852516174316,-0.18517038226127625,-0.10148262977600098,-0.2627320885658264,-0.09848320484161377,-0.327234148979187,-0.15525943040847778,-0.14903321862220764,-0.2212061583995819,-0.13587000966072083,-0.19577068090438843,-0.12364420294761658,-0.1664816439151764,-0.1223037838935852,-0.1669621765613556,-0.08496642112731934,-0.22411790490150452,-0.0845574140548706,-0.19933557510375977,-0.07709687948226929,-0.17157074809074402,-0.0764433741569519,-0.16906461119651794,-0.022399187088012695,-0.2162970006465912,-0.032983601093292236,-0.1950492262840271,-0.02769172191619873,-0.1693367063999176,-0.02317070960998535,-0.16556298732757568,0.03282052278518677,-0.20275822281837463,0.01288670301437378,-0.1815485954284668,0.014685511589050293,-0.15964394807815552,0.018339216709136963,yes
0.0,0.0,-0.025174975395202637,-0.09770888090133667,-0.06689691543579102,-0.17295941710472107,-0.0921400785446167,-0.2460850477218628,-0.08955776691436768,-0.30745840072631836,-0.14234721660614014,-0.139000803232193,-0.20618385076522827,-0.13168996572494507,-0.1818036139011383,-0.12050217390060425,-0.15403705835342407,-0.11866509914398193,-0.1541578471660614,-0.07892042398452759,-0.20989930629730225,-0.08220571279525757,-0.18581512570381165,-0.07638365030288696,-0.1590661108493805,-0.0748978853225708,-0.15628522634506226,-0.020343899726867676,-0.20436811447143555,-0.033382534980773926,-0.18341904878616333,-0.030108153820037842,-0.1585056185722351,-0.025425970554351807,-0.1521850824356079,0.0308535099029541,-0.1880502700805664,0.009819388389587402,-0.16820722818374634,0.009438633918762207,-0.14786899089813232,0.012685298919677734,yes
0.0,0.0,-0.025557875633239746,-0.09756737947463989,-0.06500303745269775,-0.1713012456893921,-0.08935457468032837,-0.24315553903579712,-0.08590567111968994,-0.30355381965637207,-0.13902628421783447,-0.1372835636138916,-0.20220297574996948,-0.128778338432312,-0.1780015230178833,-0.11887913942337036,-0.15049278736114502,-0.11703628301620483,-0.15006905794143677,-0.07669132947921753,-0.20604097843170166,-0.07985866069793701,-0.18192565441131592,-0.07510590553283691,-0.15443110466003418,-0.07369810342788696,-0.151434063911438,-0.019216716289520264,-0.19630640745162964,-0.03133302927017212,-0.17587050795555115,-0.028686940670013428,-0.15124750137329102,-0.0247575044631958,-0.1468941569328308,0.03036600351333618,-0.17907166481018066,0.0123138427734375,-0.15902099013328552,0.013523638248443604,-0.13906371593475342,0.016850590705871582,yes
0.0,0.0,-0.02475738525390625,-0.09364259243011475,-0.0637277364730835,-0.16615861654281616,-0.08710980415344238,-0.23630866408348083,-0.08477157354354858,-0.29463833570480347,-0.13620984554290771,-0.13259965181350708,-0.19941729307174683,-0.12875422835350037,-0.17644894123077393,-0.11688345670700073,-0.14889830350875854,-0.11308270692825317,-0.1473233699798584,-0.0742989182472229,-0.20315489172935486,-0.07878953218460083,-0.18023908138275146,-0.07361418008804321,-0.1537114977836609,-0.07221287488937378,-0.1493593454360962,-0.018320739269256592,-0.19539788365364075,-0.031017541885375977,-0.17589202523231506,-0.028582870960235596,-0.15219449996948242,-0.024187147617340088,-0.145785391330719,0.030091524124145508,-0.17881709337234497,0.011684656143188477,-0.16003280878067017,0.011584937572479248,-0.1410732865333557,0.014638721942901611,yes
0.0,0.0,-0.0233953595161438,-0.0925186276435852,-0.061352670192718506,-0.1641642451286316,-0.08440476655960083,-0.23201924562454224,-0.08118605613708496,-0.2884111702442169,-0.13123327493667603,-0.1326398253440857,-0.19364991784095764,-0.12495866417884827,-0.17043468356132507,-0.11315840482711792,-0.14282411336898804,-0.11093693971633911,-0.14157742261886597,-0.07668930292129517,-0.19636830687522888,-0.07729613780975342,-0.17383098602294922,-0.0713772177696228,-0.14811265468597412,-0.07085192203521729,-0.14354485273361206,-0.021787405014038086,-0.18834686279296875,-0.03215909004211426,-0.16976302862167358,-0.0288088321685791,-0.14719551801681519,-0.025195837020874023,-0.1404416561126709,0.027098000049591064,-0.1750563681125641,0.010270655155181885,-0.15726476907730103,0.01052248477935791,-0.138627827167511,0.013325214385986328,yes
0.0,0.0,-0.023477792739868164,-0.09140932559967041,-0.06240105628967285,-0.1626015603542328,-0.08594095706939697,-0.23024779558181763,-0.08262485265731812,-0.2860492467880249,-0.1323535442352295,-0.13272973895072937,-0.19422957301139832,-0.12172412872314453,-0.17163869738578796,-0.10782653093338013,-0.14432752132415771,-0.10554146766662598,-0.1420379877090454,-0.07710564136505127,-0.19597211480140686,-0.07400792837142944,-0.17370188236236572,-0.06564348936080933,-0.14842140674591064,-0.06611406803131104,-0.1435333490371704,-0.02210325002670288,-0.18574941158294678,-0.02920466661453247,-0.16677334904670715,-0.023110926151275635,-0.1439463496208191,-0.019888758659362793,-0.14007163047790527,0.02752983570098877,-0.17268860340118408,0.014319777488708496,-0.15386414527893066,0.017573833465576172,-0.13446861505508423,0.02021777629852295,yes
0.0,0.0,-0.024048924446105957,-0.09030169248580933,-0.06254255771636963,-0.1613045334815979,-0.08564269542694092,-0.2280421257019043,-0.08212453126907349,-0.28312981128692627,-0.13186514377593994,-0.13233959674835205,-0.19196218252182007,-0.12240198254585266,-0.16987547278404236,-0.10894191265106201,-0.14367318153381348,-0.10654491186141968,-0.14228880405426025,-0.07671505212783813,-0.1949392557144165,-0.0757744312286377,-0.17303809523582458,-0.06725889444351196,-0.1476154327392578,-0.06646847724914551,-0.14494985342025757,-0.02185797691345215,-0.18715834617614746,-0.03199303150177002,-0.16841453313827515,-0.025219380855560303,-0.1452871561050415,-0.020645856857299805,-0.1428585648536682,0.027244389057159424,-0.17466291785240173,0.010684490203857422,-0.1562187671661377,0.014194846153259277,-0.13697439432144165,0.017752468585968018,yes
0.0,0.0,-0.03810697793960571,0.11428302526473999,-0.12427103519439697,0.2373434603214264,-0.18202143907546997,0.3637537658214569,-0.20730388164520264,0.48303720355033875,-0.2775249481201172,0.1513051688671112,-0.34258943796157837,0.16031846404075623,-0.25276416540145874,0.138304203748703,-0.22329312562942505,0.13044586777687073,-0.2851369380950928,0.04985347390174866,-0.34863805770874023,0.05526629090309143,-0.23850536346435547,0.05360713601112366,-0.22890886664390564,0.05878251791000366,-0.271334171295166,-0.04940709471702576,-0.3187917470932007,-0.06112632155418396,-0.2207435965538025,-0.041968315839767456,-0.2064582109451294,-0.02683711051940918,-0.24890321493148804,-0.1394437700510025,-0.29232990741729736,-0.160582035779953,-0.22881072759628296,-0.1305282711982727,-0.20827054977416992,-0.10732847452163696,no
0.0,0.0,-0.03438770771026611,0.10530200600624084,-0.10917431116104126,0.2227386236190796,-0.15964436531066895,0.34069180488586426,-0.18391215801239014,0.4470362663269043,-0.24301180243492126,0.145205557346344,-0.30858057737350464,0.1628284454345703,-0.2215297818183899,0.13414955139160156,-0.19682812690734863,0.12383878231048584,-0.25218653678894043,0.05328419804573059,-0.3116043508052826,0.06581538915634155,-0.20878839492797852,0.056281983852386475,-0.20344001054763794,0.05904453992843628,-0.24275824427604675,-0.036941349506378174,-0.2883055806159973,-0.043650925159454346,-0.19818955659866333,-0.03345027565956116,-0.18616056442260742,-0.024008601903915405,-0.22693386673927307,-0.115764319896698,-0.26466840505599976,-0.13496053218841553,-0.20605969429016113,-0.1109451949596405,-0.18724685907363892,-0.09368020296096802,no
0.0,0.0,-0.02411752939224243,0.09490585327148438,-0.08398890495300293,0.20228922367095947,-0.12289434671401978,0.3070363402366638,-0.13648617267608643,0.40393775701522827,-0.20188221335411072,0.15272873640060425,-0.25808900594711304,0.16923123598098755,-0.18403497338294983,0.13770264387130737,-0.16327109932899475,0.1313198208808899,-0.21516317129135132,0.07517147064208984,-0.26846444606781006,0.08738180994987488,-0.1791958212852478,0.0681772530078888,-0.17539122700691223,0.0748782753944397,-0.21328559517860413,-0.0034825503826141357,-0.24995338916778564,-0.006028085947036743,-0.1718735694885254,-0.008955568075180054,-0.1657196581363678,0.0019787251949310303,-0.20604580640792847,-0.07321497797966003,-0.23330959677696228,-0.08488571643829346,-0.18166199326515198,-0.0732155442237854,-0.16946810483932495,-0.05987110733985901,no
0.0,0.0,-0.02834165096282959,0.08929085731506348,-0.08751004934310913,0.18908452987670898,-0.1211366057395935,0.2883809208869934,-0.13145184516906738,0.3725948929786682,-0.189733624458313,0.13888758420944214,-0.2452296018600464,0.15907752513885498,-0.1787041425704956,0.13104212284088135,-0.15716469287872314,0.1242678165435791,-0.20299860835075378,0.06928938627243042,-0.25370359420776367,0.08429589867591858,-0.17599168419837952,0.06707367300987244,-0.1671222448348999,0.07046115398406982,-0.20032554864883423,-0.0015431046485900879,-0.24333271384239197,-0.0011782348155975342,-0.17480385303497314,-0.002915680408477783,-0.1620311141014099,0.005215644836425781,-0.19064825773239136,-0.06538742780685425,-0.2273382544517517,-0.07359984517097473,-0.183135986328125,-0.060612499713897705,-0.16639098525047302,-0.047344207763671875,no
0.0,0.0,-0.026215791702270508,0.08548831939697266,-0.07800924777984619,0.17877709865570068,-0.10736775398254395,0.27080583572387695,-0.11691796779632568,0.3471366763114929,-0.17108991742134094,0.13291317224502563,-0.22354376316070557,0.15391409397125244,-0.1656613051891327,0.1280168890953064,-0.1421331763267517,0.11870157718658447,-0.1836167871952057,0.06796765327453613,-0.23345410823822021,0.08528035879135132,-0.165752112865448,0.06927281618118286,-0.15239498019218445,0.06979963183403015,-0.18183735013008118,0.0016122758388519287,-0.22640249133110046,0.007583200931549072,-0.16604673862457275,0.005320072174072266,-0.15023300051689148,0.0100727379322052,-0.17284181714057922,-0.05864629149436951,-0.2101708948612213,-0.06115105748176575,-0.17178717255592346,-0.049324870109558105,-0.1551569104194641,-0.039769113063812256,no
0.0,0.0,-0.023746192455291748,0.07796984910964966,-0.07310551404953003,0.16716217994689941,-0.10286557674407959,0.2532629370689392,-0.11566603183746338,0.32353049516677856,-0.16371464729309082,0.12458789348602295,-0.21384090185165405,0.1432018280029297,-0.15942266583442688,0.11987727880477905,-0.14005568623542786,0.11064577102661133,-0.17565757036209106,0.06291398406028748,-0.22274142503738403,0.07466357946395874,-0.15610778331756592,0.062049686908721924,-0.14622661471366882,0.06440368294715881,-0.17403462529182434,0.0008683204650878906,-0.21353936195373535,0.002177208662033081,-0.15424418449401855,0.001983553171157837,-0.14275604486465454,0.007519811391830444,-0.1656002402305603,-0.05628809332847595,-0.1980433166027069,-0.060445427894592285,-0.1596592366695404,-0.04952669143676758,-0.1465727984905243,-0.04084646701812744,no
0.0,0.0,-0.022940099239349365,0.07562953233718872,-0.06916260719299316,0.15842336416244507,-0.0969240665435791,0.23927950859069824,-0.10941654443740845,0.30827438831329346,-0.15946432948112488,0.11953359842300415,-0.20435038208961487,0.13663500547409058,-0.15282326936721802,0.11445832252502441,-0.1312880516052246,0.10539746284484863,-0.1708572804927826,0.06077584624290466,-0.2117307186126709,0.07295277714729309,-0.14938899874687195,0.060894906520843506,-0.13695812225341797,0.06264245510101318,-0.16874635219573975,0.001059204339981079,-0.20228081941604614,0.0012410283088684082,-0.14637112617492676,0.0021655261516571045,-0.13244575262069702,0.009098321199417114,-0.15993976593017578,-0.053514719009399414,-0.1879238486289978,-0.06138724088668823,-0.15175089240074158,-0.04886984825134277,-0.13790684938430786,-0.037353336811065674,no
0.0,0.0,-0.022012054920196533,0.06884825229644775,-0.06515491008758545,0.15026003122329712,-0.08886820077896118,0.22567743062973022,-0.09687632322311401,0.287233829498291,-0.13836190104484558,0.11981391906738281,-0.187491774559021,0.1344994306564331,-0.14107823371887207,0.11462867259979248,-0.11874008178710938,0.10610288381576538,-0.15004873275756836,0.06771427392959595,-0.19515204429626465,0.07881832122802734,-0.1387004554271698,0.06453561782836914,-0.12689203023910522,0.06309330463409424,-0.15030759572982788,0.013410031795501709,-0.18796271085739136,0.016554534435272217,-0.13808029890060425,0.012203305959701538,-0.12595367431640625,0.013262361288070679,-0.14467650651931763,-0.03770333528518677,-0.17328742146492004,-0.035713523626327515,-0.14044764637947083,-0.029332995414733887,-0.12862136960029602,-0.025405973196029663,no
0.0,0.0,-0.023307859897613525,0.06946495175361633,-0.06715643405914307,0.14794102311134338,-0.09096667170524597,0.22263899445533752,-0.09754475951194763,0.28326836228370667,-0.1412942111492157,0.11809954047203064,-0.1764451563358307,0.13250306248664856,-0.12695518136024475,0.10940548777580261,-0.1150033175945282,0.10350385308265686,-0.1525181233882904,0.067239910364151,-0.18358838558197021,0.08029600977897644,-0.12781855463981628,0.06508758664131165,-0.12521332502365112,0.06570550799369812,-0.15263056755065918,0.013186365365982056,-0.18093383312225342,0.017380088567733765,-0.1315912902355194,0.013958364725112915,-0.12730777263641357,0.015941590070724487,-0.14724281430244446,-0.035936057567596436,-0.1678772270679474,-0.035091400146484375,-0.1338965892791748,-0.027359068393707275,-0.12736567854881287,-0.02397194504737854,no
0.0,0.0,-0.027952194213867188,0.06501808762550354,-0.0744275450706482,0.13445696234703064,-0.09865209460258484,0.20387759804725647,-0.1039404571056366,0.25959548354148865,-0.139836847782135,0.09113606810569763,-0.1780950427055359,0.107642263174057,-0.13349899649620056,0.09350493550300598,-0.11800238490104675,0.08682474493980408,-0.14849096536636353,0.043145984411239624,-0.18152323365211487,0.05586034059524536,-0.13144508004188538,0.04934045672416687,-0.12489134073257446,0.04799085855484009,-0.14511078596115112,-0.006728798151016235,-0.1740451157093048,-0.002569258213043213,-0.1305856704711914,0.0006254315376281738,-0.1235710084438324,0.002486884593963623,-0.13598409295082092,-0.0524161159992218,-0.1557612419128418,-0.05368891358375549,-0.12795981764793396,-0.04124012589454651,-0.12113091349601746,-0.03634592890739441,no
0.0,0.0,-0.02603769302368164,0.06214788556098938,-0.07027119398117065,0.12849798798561096,-0.09466186165809631,0.1937752664089203,-0.10005676746368408,0.2472567856311798,-0.13393062353134155,0.08999928832054138,-0.1721251904964447,0.1021510660648346,-0.12841391563415527,0.08904102444648743,-0.11562648415565491,0.08526197075843811,-0.14144167304039001,0.044514626264572144,-0.17608702182769775,0.05485573410987854,-0.12729191780090332,0.04663535952568054,-0.12304210662841797,0.0464819073677063,-0.13953927159309387,-0.0035615861415863037,-0.16984164714813232,-0.0003852248191833496,-0.1273876428604126,0.0002607405185699463,-0.1221112310886383,0.0020897388458251953,-0.1334550976753235,-0.048565834760665894,-0.15572035312652588,-0.04847255349159241,-0.12794944643974304,-0.03927701711654663,-0.12123382091522217,-0.036204367876052856,no
0.0,0.0,-0.024649977684020996,0.0577244758605957,-0.06897729635238647,0.120128333568573,-0.09382128715515137,0.1811630129814148,-0.09812802076339722,0.23067247867584229,-0.1277623176574707,0.08146411180496216,-0.1639912724494934,0.09062933921813965,-0.12352335453033447,0.07731205224990845,-0.10709512233734131,0.07214212417602539,-0.13557031750679016,0.03757217526435852,-0.167501300573349,0.04468637704849243,-0.12144723534584045,0.0386805534362793,-0.11296644806861877,0.039354026317596436,-0.13248658180236816,-0.008150815963745117,-0.16075259447097778,-0.006513446569442749,-0.12061706185340881,-0.004696071147918701,-0.11272263526916504,-0.0017528831958770752,-0.12382036447525024,-0.050656676292419434,-0.14408370852470398,-0.051089316606521606,-0.11811661720275879,-0.04188096523284912,-0.1113286018371582,-0.037807732820510864,no
0.0,0.0,-0.017985820770263672,0.05375012755393982,-0.05526024103164673,0.11011835932731628,-0.07930374145507812,0.16391786932945251,-0.08851093053817749,0.21750012040138245,-0.11975908279418945,0.07405748963356018,-0.14734047651290894,0.0733429491519928,-0.10549789667129517,0.06146618723869324,-0.09518665075302124,0.061474770307540894,-0.12321895360946655,0.0257413387298584,-0.15019792318344116,0.026135653257369995,-0.10174190998077393,0.022051632404327393,-0.09853911399841309,0.0282268226146698,-0.11913186311721802,-0.02168259024620056,-0.14128464460372925,-0.024829626083374023,-0.09935104846954346,-0.021867364645004272,-0.09563207626342773,-0.01347041130065918,-0.11147189140319824,-0.0636652410030365,-0.13024300336837769,-0.07096752524375916,-0.10073471069335938,-0.06147244572639465,-0.09232258796691895,-0.05099678039550781,no
0.0,0.0,-0.018378734588623047,0.05535358190536499,-0.05742454528808594,0.11676490306854248,-0.0798490047454834,0.17453140020370483,-0.08736836910247803,0.2266601324081421,-0.1262294054031372,0.07954221963882446,-0.1498005986213684,0.08333039283752441,-0.10617655515670776,0.06962883472442627,-0.09746891260147095,0.06650340557098389,-0.1308714747428894,0.030652880668640137,-0.15192091464996338,0.03520289063453674,-0.10235852003097534,0.030267715454101562,-0.10109817981719971,0.03356844186782837,-0.12614214420318604,-0.017056584358215332,-0.1434604525566101,-0.01722469925880432,-0.09990555047988892,-0.013854026794433594,-0.09759598970413208,-0.007723212242126465,-0.11715906858444214,-0.05936846137046814,-0.13322490453720093,-0.06401076912879944,-0.10194069147109985,-0.053733646869659424,-0.09386223554611206,-0.04506364464759827,no
0.0,0.0,-0.007517337799072266,0.05872043967247009,-0.037129342555999756,0.11879381537437439,-0.05674070119857788,0.1721242368221283,-0.06265079975128174,0.22392013669013977,-0.13000380992889404,0.0814993679523468,-0.1234135627746582,0.08134225010871887,-0.08446991443634033,0.06793716549873352,-0.08207476139068604,0.06715473532676697,-0.1390630602836609,0.03242713212966919,-0.12520289421081543,0.03271055221557617,-0.07997721433639526,0.029967129230499268,-0.08747881650924683,0.035767704248428345,-0.13273519277572632,-0.016926050186157227,-0.11776196956634521,-0.019753366708755493,-0.07867276668548584,-0.013105392456054688,-0.08559715747833252,-0.004386812448501587,-0.12073957920074463,-0.06180253624916077,-0.11135894060134888,-0.0655580461025238,-0.0813589096069336,-0.052188336849212646,-0.08152717351913452,-0.041359156370162964,no
0.0,0.0,-0.03886798024177551,0.08224239945411682,-0.10821571946144104,0.16388216614723206,-0.15743955969810486,0.241800457239151,-0.18546560406684875,0.3029167950153351,-0.191567063331604,0.10394755005836487,-0.25147607922554016,0.1173684298992157,-0.1958872377872467,0.10569801926612854,-0.1644991934299469,0.09807434678077698,-0.19817715883255005,0.04444661736488342,-0.257277250289917,0.0494195818901062,-0.18906265497207642,0.049128979444503784,-0.16959384083747864,0.0502130389213562,-0.1898784637451172,-0.01728937029838562,-0.24483340978622437,-0.0203133225440979,-0.18408465385437012,-0.011281996965408325,-0.16394871473312378,-0.007860124111175537,-0.17280840873718262,-0.0776815116405487,-0.21685078740119934,-0.08115825057029724,-0.17819681763648987,-0.065286785364151,-0.161106675863266,-0.06088307499885559,no
0.0,0.0,-0.03872409462928772,0.07879111170768738,-0.10840874910354614,0.15989235043525696,-0.15809178352355957,0.23717650771141052,-0.1867077350616455,0.29555097222328186,-0.19124269485473633,0.1045062243938446,-0.24616976082324982,0.11574921011924744,-0.1909668743610382,0.10110804438591003,-0.16217589378356934,0.09431013464927673,-0.19821181893348694,0.04271373152732849,-0.2528875768184662,0.04748311638832092,-0.18405139446258545,0.044701606035232544,-0.1666029989719391,0.0473809540271759,-0.19016441702842712,-0.019763529300689697,-0.23942026495933533,-0.023870646953582764,-0.17989054322242737,-0.015187174081802368,-0.16325539350509644,-0.009473025798797607,-0.17380601167678833,-0.07984423637390137,-0.21150833368301392,-0.08236601948738098,-0.17268416285514832,-0.06785604357719421,-0.1595621407032013,-0.06325230002403259,no
0.0,0.0,-0.03584277629852295,0.07431772351264954,-0.10065209865570068,0.14858511090278625,-0.14390429854393005,0.21796759963035583,-0.16794779896736145,0.27087077498435974,-0.18322259187698364,0.09773078560829163,-0.23609057068824768,0.1054249107837677,-0.1832069456577301,0.09227684140205383,-0.15919429063796997,0.08605065941810608,-0.19006049633026123,0.039106130599975586,-0.24390780925750732,0.04471138119697571,-0.17820888757705688,0.041611284017562866,-0.16389000415802002,0.04153066873550415,-0.18284577131271362,-0.02114829421043396,-0.23017287254333496,-0.024516820907592773,-0.17157354950904846,-0.016605228185653687,-0.15773046016693115,-0.012938588857650757,-0.16715776920318604,-0.07990804314613342,-0.20369431376457214,-0.08416131138801575,-0.16655492782592773,-0.06818613409996033,-0.1547865867614746,-0.06366446614265442,no
0.0,0.0,-0.03107917308807373,0.07778206467628479,-0.08770954608917236,0.16117450594902039,-0.12318551540374756,0.24266865849494934,-0.13840657472610474,0.3104378283023834,-0.17798185348510742,0.10665073990821838,-0.22055593132972717,0.1283770501613617,-0.16307342052459717,0.10857519507408142,-0.15129104256629944,0.09842810034751892,-0.18667379021644592,0.048557132482528687,-0.2254135012626648,0.06770274043083191,-0.15840107202529907,0.0585857629776001,-0.15888839960098267,0.054344892501831055,-0.18134725093841553,-0.012103825807571411,-0.21460801362991333,-0.005535691976547241,-0.1552705466747284,-0.0010339915752410889,-0.1533569097518921,-0.002212017774581909,-0.17071321606636047,-0.06860765814781189,-0.19265365600585938,-0.06851175427436829,-0.15383660793304443,-0.053105682134628296,-0.14885187149047852,-0.051909685134887695,no
0.0,0.0,-0.03259021043777466,0.07714667916297913,-0.08891266584396362,0.1601841151714325,-0.12357199192047119,0.2442229688167572,-0.1366438865661621,0.3150270879268646,-0.17316022515296936,0.10515889525413513,-0.21705865859985352,0.12968096137046814,-0.15991199016571045,0.10890892148017883,-0.14802372455596924,0.09925130009651184,-0.181535542011261,0.04584282636642456,-0.22065362334251404,0.06659221649169922,-0.1548745036125183,0.0562417209148407,-0.15544456243515015,0.05343008041381836,-0.17664331197738647,-0.014889419078826904,-0.2114180028438568,-0.006900966167449951,-0.15311697125434875,-0.0038385093212127686,-0.1503395140171051,-0.0038796961307525635,-0.16715049743652344,-0.06920084357261658,-0.19066712260246277,-0.07070264220237732,-0.15287965536117554,-0.056596964597702026,-0.14635568857192993,-0.053913503885269165,no
0.0,0.0,-0.027112483978271484,0.07237714529037476,-0.08254355192184448,0.15334266424179077,-0.11487036943435669,0.23351305723190308,-0.1283421516418457,0.30157411098480225,-0.16250157356262207,0.10108017921447754,-0.21135085821151733,0.11999362707138062,-0.1533198356628418,0.10177081823348999,-0.13529574871063232,0.0943264365196228,-0.1703009009361267,0.03988242149353027,-0.21383067965507507,0.05460023880004883,-0.14804762601852417,0.04690366983413696,-0.14276641607284546,0.046720266342163086,-0.16523170471191406,-0.021298319101333618,-0.20156028866767883,-0.016686469316482544,-0.14271438121795654,-0.012906163930892944,-0.1363987922668457,-0.010118961334228516,-0.1548650860786438,-0.07560014724731445,-0.17990034818649292,-0.07801851630210876,-0.14136838912963867,-0.06400197744369507,-0.13273799419403076,-0.05836433172225952,no
0.0,0.0,-0.02678811550140381,0.07329568266868591,-0.08345597982406616,0.15153828263282776,-0.11637705564498901,0.22845324873924255,-0.12970131635665894,0.294129878282547,-0.16312676668167114,0.10214564204216003,-0.20828640460968018,0.11904218792915344,-0.15181392431259155,0.09986433386802673,-0.13215970993041992,0.09037229418754578,-0.16954946517944336,0.04127165675163269,-0.21319815516471863,0.05374285578727722,-0.14832907915115356,0.046306997537612915,-0.13911062479019165,0.04559573531150818,-0.163135826587677,-0.019064754247665405,-0.2008058726787567,-0.016272127628326416,-0.1439952850341797,-0.01150435209274292,-0.13500910997390747,-0.008277297019958496,-0.15066897869110107,-0.07288187742233276,-0.1797284483909607,-0.07727813720703125,-0.14220178127288818,-0.0620141327381134,-0.13016575574874878,-0.05394265055656433,no
0.0,0.0,-0.025493741035461426,0.07443028688430786,-0.0753372311592102,0.15083026885986328,-0.10574138164520264,0.22658538818359375,-0.1211656928062439,0.29249852895736694,-0.15825390815734863,0.10095208883285522,-0.2005857527256012,0.12033295631408691,-0.1477794647216797,0.1042487621307373,-0.12896078824996948,0.09519040584564209,-0.16445010900497437,0.04350912570953369,-0.20478177070617676,0.05944448709487915,-0.14438945055007935,0.05366230010986328,-0.13723677396774292,0.05108478665351868,-0.15865552425384521,-0.014956563711166382,-0.19593733549118042,-0.009064644575119019,-0.1423732042312622,-0.0030659735202789307,-0.13449996709823608,-0.0012137889862060547,-0.1471300721168518,-0.06780165433883667,-0.1750171184539795,-0.07115676999092102,-0.13933652639389038,-0.05473339557647705,-0.12900310754776,-0.04849374294281006,no
0.0,0.0,-0.019594907760620117,0.07624673843383789,-0.06156456470489502,0.15774011611938477,-0.08612442016601562,0.23426800966262817,-0.09180909395217896,0.30149972438812256,-0.15126889944076538,0.11552983522415161,-0.18489676713943481,0.13557767868041992,-0.1306213140487671,0.11279892921447754,-0.11748760938644409,0.10266423225402832,-0.1583085060119629,0.05660378932952881,-0.18903666734695435,0.07566756010055542,-0.1271134614944458,0.0648430585861206,-0.12631672620773315,0.06122851371765137,-0.15391016006469727,-0.0029609501361846924,-0.17980313301086426,0.006701409816741943,-0.12412458658218384,0.008040398359298706,-0.1226116418838501,0.0076690614223480225,-0.14528173208236694,-0.05628526210784912,-0.16231989860534668,-0.05271923542022705,-0.1247357726097107,-0.04072386026382446,-0.11991989612579346,-0.039589375257492065,no
0.0,0.0,-0.01817929744720459,0.07551956176757812,-0.05911719799041748,0.1530900001525879,-0.08524948358535767,0.22654610872268677,-0.09244108200073242,0.2913300395011902,-0.14767783880233765,0.11262065172195435,-0.18002581596374512,0.12910419702529907,-0.12924575805664062,0.11050504446029663,-0.11382311582565308,0.10193675756454468,-0.15462195873260498,0.05463135242462158,-0.18360191583633423,0.07147681713104248,-0.12489783763885498,0.0635632872581482,-0.1207239031791687,0.060791969299316406,-0.14945757389068604,-0.0038456618785858154,-0.17397093772888184,0.0032832324504852295,-0.1206086277961731,0.006391584873199463,-0.11526745557785034,0.00737115740776062,-0.13863027095794678,-0.05720782279968262,-0.15803438425064087,-0.05621036887168884,-0.12080907821655273,-0.04264521598815918,-0.11197936534881592,-0.03813377022743225,no
0.0,0.0,-0.01728266477584839,0.06736207008361816,-0.05945467948913574,0.14081895351409912,-0.08458679914474487,0.21238243579864502,-0.09251868724822998,0.2763715386390686,-0.14469796419143677,0.10628616809844971,-0.1754622459411621,0.11913025379180908,-0.12442374229431152,0.09956866502761841,-0.11111366748809814,0.09301066398620605,-0.15301793813705444,0.051236480474472046,-0.18227392435073853,0.06425923109054565,-0.12320476770401001,0.053576767444610596,-0.12025094032287598,0.053279489278793335,-0.1496865153312683,-0.0051424503326416016,-0.1723031997680664,0.00037032365798950195,-0.11975741386413574,0.00034672021865844727,-0.11739581823348999,0.003272920846939087,-0.14092975854873657,-0.056782662868499756,-0.1562935709953308,-0.05618727207183838,-0.12016862630844116,-0.046274393796920776,-0.11472350358963013,-0.04208788275718689,no
0.0,0.0,-0.018790006637573242,0.05788657069206238,-0.06039053201675415,0.12614497542381287,-0.0848044753074646,0.1915435492992401,-0.09391319751739502,0.2463456094264984,-0.1385623812675476,0.09856882691383362,-0.17113590240478516,0.10265734791755676,-0.12442177534103394,0.08589395880699158,-0.10839688777923584,0.0831504762172699,-0.14719462394714355,0.046506524085998535,-0.18059992790222168,0.05166047811508179,-0.12445849180221558,0.042948752641677856,-0.11587274074554443,0.04650759696960449,-0.14363950490951538,-0.005926728248596191,-0.16924932599067688,-0.0076454877853393555,-0.1201590895652771,-0.007392257452011108,-0.11311894655227661,-0.0009240806102752686,-0.13367509841918945,-0.05395236611366272,-0.15363198518753052,-0.05912303924560547,-0.1204574704170227,-0.049839913845062256,-0.11190998554229736,-0.041054606437683105,no
0.0,0.0,-0.01629108190536499,0.056693315505981445,-0.058142900466918945,0.1226036548614502,-0.08373337984085083,0.18419289588928223,-0.09469711780548096,0.2372589111328125,-0.1283908486366272,0.09151667356491089,-0.16782423853874207,0.09702080488204956,-0.12519818544387817,0.08185398578643799,-0.10911476612091064,0.07888737320899963,-0.135711669921875,0.041734158992767334,-0.17254605889320374,0.04581713676452637,-0.12173718214035034,0.037388116121292114,-0.11520779132843018,0.04202687740325928,-0.13339990377426147,-0.00840991735458374,-0.16479811072349548,-0.008631080389022827,-0.11991465091705322,-0.009340167045593262,-0.11348080635070801,-0.003218144178390503,-0.12587887048721313,-0.054762572050094604,-0.15216216444969177,-0.05802688002586365,-0.12236499786376953,-0.050384700298309326,-0.11237573623657227,-0.0430542528629303,no
0.0,0.0,-0.01682990789413452,0.05519050359725952,-0.0586588978767395,0.11751842498779297,-0.08501124382019043,0.17780649662017822,-0.09650260210037231,0.2307029366493225,-0.12769800424575806,0.08635535836219788,-0.1711256504058838,0.09319841861724854,-0.13036182522773743,0.07924586534500122,-0.11131030321121216,0.07613003253936768,-0.1351795196533203,0.03712335228919983,-0.17845457792282104,0.039832234382629395,-0.12856239080429077,0.03251424431800842,-0.11760514974594116,0.03798171877861023,-0.132468581199646,-0.012346088886260986,-0.168240487575531,-0.014786839485168457,-0.12439858913421631,-0.014178186655044556,-0.11463505029678345,-0.005734473466873169,-0.1239120364189148,-0.05808979272842407,-0.15404796600341797,-0.06387481093406677,-0.12606048583984375,-0.05515366792678833,-0.11455219984054565,-0.04429370164871216,no
0.0,0.0,-0.022879838943481445,0.05887767672538757,-0.07065528631210327,0.12485146522521973,-0.10048237442970276,0.1873989701271057,-0.1147145926952362,0.23842978477478027,-0.14034149050712585,0.09158298373222351,-0.18894213438034058,0.10147532820701599,-0.14387208223342896,0.0870489776134491,-0.1241656243801117,0.08228394389152527,-0.14776402711868286,0.04378575086593628,-0.19403547048568726,0.0484808087348938,-0.13859564065933228,0.04162651300430298,-0.12816935777664185,0.04286909103393555,-0.14426761865615845,-0.0060460567474365234,-0.18400365114212036,-0.00922304391860962,-0.13491228222846985,-0.006646543741226196,-0.123668372631073,-0.0027875304222106934,-0.13478147983551025,-0.05372932553291321,-0.16633668541908264,-0.05943584442138672,-0.13512125611305237,-0.04786187410354614,-0.12348228693008423,-0.04058220982551575,no
0.0,0.0,-0.025047272443771362,0.059789687395095825,-0.08234727382659912,0.1282903552055359,-0.12272092700004578,0.19162338972091675,-0.14267417788505554,0.24141591787338257,-0.1556326448917389,0.09693115949630737,-0.20306724309921265,0.10010525584220886,-0.15579208731651306,0.08692485094070435,-0.1361420452594757,0.08359712362289429,-0.1627407670021057,0.04738211631774902,-0.2076810896396637,0.04640933871269226,-0.14966759085655212,0.04161113500595093,-0.13991335034370422,0.04632112383842468,-0.158992201089859,-0.003963738679885864,-0.1984391212463379,-0.00996243953704834,-0.1474834382534027,-0.006982177495956421,-0.13713446259498596,-0.001436680555343628,-0.14862960577011108,-0.054043352603912354,-0.18005424737930298,-0.05745959281921387,-0.14650073647499084,-0.048353761434555054,-0.13583338260650635,-0.043797194957733154,no
0.0,0.0,-0.026428818702697754,0.0605524480342865,-0.08366790413856506,0.13275107741355896,-0.12476798892021179,0.19813498854637146,-0.14802104234695435,0.24741944670677185,-0.1588202714920044,0.09893679618835449,-0.20918536186218262,0.10601046681404114,-0.16036102175712585,0.09299591183662415,-0.13652971386909485,0.08899712562561035,-0.16620472073554993,0.049211323261260986,-0.2141631692647934,0.04983013868331909,-0.1537632942199707,0.04532626271247864,-0.14238333702087402,0.05050826072692871,-0.16222509741783142,-0.002240896224975586,-0.2038346230983734,-0.00792422890663147,-0.1506294310092926,-0.004543781280517578,-0.13931259512901306,0.0015941858291625977,-0.1518723964691162,-0.05258414149284363,-0.1836363971233368,-0.05626639723777771,-0.14830854535102844,-0.04725545644760132,-0.1373220980167389,-0.0423334538936615,no
0.0,0.0,-0.02813643217086792,0.06815394759178162,-0.08647805452346802,0.14208781719207764,-0.12779918313026428,0.2074739933013916,-0.1503913402557373,0.25764650106430054,-0.15866687893867493,0.10372254252433777,-0.21120834350585938,0.11426612734794617,-0.16541215777397156,0.09989616274833679,-0.13731420040130615,0.09272193908691406,-0.16760706901550293,0.052714645862579346,-0.22026659548282623,0.05591404438018799,-0.16137856245040894,0.050397008657455444,-0.14158973097801208,0.0528283417224884,-0.16359445452690125,-0.0001558065414428711,-0.21199682354927063,-0.004522949457168579,-0.15957114100456238,-0.0005498826503753662,-0.13967323303222656,0.004600852727890015,-0.15179401636123657,-0.051498085260391235,-0.18899717926979065,-0.055183470249176025,-0.1540190577507019,-0.043673157691955566,-0.13778531551361084,-0.03762102127075195,no
0.0,0.0,-0.030252814292907715,0.07105275988578796,-0.09146615862846375,0.14911291003227234,-0.13479605317115784,0.219600111246109,-0.1588200330734253,0.2732990086078644,-0.17022043466567993,0.10910293459892273,-0.22224199771881104,0.1211915910243988,-0.17324766516685486,0.10659787058830261,-0.1445387601852417,0.09847187995910645,-0.17853370308876038,0.05508509278297424,-0.23036108911037445,0.05897638201713562,-0.1671842634677887,0.05430084466934204,-0.14913374185562134,0.05614015460014343,-0.1735454499721527,-0.001300722360610962,-0.22081169486045837,-0.004872769117355347,-0.1647014617919922,0.0004748106002807617,-0.14691007137298584,0.00528445839881897,-0.16099876165390015,-0.056256234645843506,-0.19888655841350555,-0.058016568422317505,-0.16132763028144836,-0.0459313690662384,-0.1462210714817047,-0.04085415601730347,no
0.0,0.0,-0.02994123101234436,0.07088732719421387,-0.09617578983306885,0.14879116415977478,-0.1426669955253601,0.22084686160087585,-0.1710558533668518,0.273955374956131,-0.17949768900871277,0.10912421345710754,-0.23684555292129517,0.11524233222007751,-0.1867677867412567,0.10202372074127197,-0.15577548742294312,0.096649169921875,-0.18727850914001465,0.051598966121673584,-0.2457389533519745,0.05049443244934082,-0.18007314205169678,0.04770776629447937,-0.15987306833267212,0.05230632424354553,-0.18160319328308105,-0.008280336856842041,-0.2321237027645111,-0.017124682664871216,-0.17544716596603394,-0.010390281677246094,-0.1582312285900116,-0.0029760003089904785,-0.16748332977294922,-0.06721904873847961,-0.20772996544837952,-0.07277140021324158,-0.17080095410346985,-0.06052693724632263,-0.15684100985527039,-0.05381143093109131,no
0.0,0.0,-0.027551233768463135,0.06862735748291016,-0.09155702590942383,0.14689910411834717,-0.13241353631019592,0.22045373916625977,-0.15478593111038208,0.2793803811073303,-0.17798900604248047,0.10388529300689697,-0.2239198386669159,0.10595735907554626,-0.16609600186347961,0.0914086401462555,-0.14980342984199524,0.08904889225959778,-0.18480879068374634,0.04464218020439148,-0.23047298192977905,0.04308566451072693,-0.1618901491165161,0.040331244468688965,-0.15623176097869873,0.046516239643096924,-0.17827507853507996,-0.015330135822296143,-0.217974454164505,-0.024357855319976807,-0.15862777829170227,-0.01691615581512451,-0.1510920226573944,-0.008112043142318726,-0.16500204801559448,-0.0705689787864685,-0.19631579518318176,-0.0784536600112915,-0.1568145453929901,-0.06416454911231995,-0.1466536521911621,-0.05515247583389282,no
0.0,0.0,-0.02604353427886963,0.06748977303504944,-0.08462697267532349,0.14259248971939087,-0.12440028786659241,0.21401959657669067,-0.14781665802001953,0.27313822507858276,-0.17146798968315125,0.09716731309890747,-0.2197565734386444,0.10244166851043701,-0.1654406189918518,0.08892822265625,-0.14612171053886414,0.08537787199020386,-0.17862540483474731,0.03885909914970398,-0.22353675961494446,0.04005739092826843,-0.1588103473186493,0.036613136529922485,-0.15192782878875732,0.042016178369522095,-0.17250704765319824,-0.01985722780227661,-0.21147403120994568,-0.028142035007476807,-0.15649345517158508,-0.021063625812530518,-0.14858728647232056,-0.01232147216796875,-0.1599648892879486,-0.07415193319320679,-0.19024258852005005,-0.0825548768043518,-0.15435627102851868,-0.06902182102203369,-0.1443261206150055,-0.05990755558013916,no
0.0,0.0,-0.026075780391693115,0.06735825538635254,-0.08161395788192749,0.1447623074054718,-0.11824631690979004,0.21875527501106262,-0.1404203176498413,0.278058260679245,-0.16687077283859253,0.0978405773639679,-0.21664366126060486,0.10921379923820496,-0.16447371244430542,0.09509950876235962,-0.14389139413833618,0.08886563777923584,-0.17402318120002747,0.038856297731399536,-0.2186659574508667,0.04501238465309143,-0.15448126196861267,0.039936065673828125,-0.14652010798454285,0.04233956336975098,-0.1687312126159668,-0.020752161741256714,-0.20709025859832764,-0.02381458878517151,-0.15108022093772888,-0.01716431975364685,-0.14203253388404846,-0.010473877191543579,-0.1571139097213745,-0.07588410377502441,-0.18591412901878357,-0.08165144920349121,-0.1496782898902893,-0.06651943922042847,-0.13840389251708984,-0.056866198778152466,no
0.0,0.0,-0.02637690305709839,0.06935957074165344,-0.08261048793792725,0.14742857217788696,-0.1183546781539917,0.22345483303070068,-0.1379539966583252,0.2842068672180176,-0.16727006435394287,0.0968802273273468,-0.21656924486160278,0.10769093036651611,-0.1618703007698059,0.09389665722846985,-0.1419541835784912,0.08893269300460815,-0.17347732186317444,0.03811389207839966,-0.21949028968811035,0.04634860157966614,-0.15436679124832153,0.04157423973083496,-0.14691394567489624,0.04311123490333557,-0.16666609048843384,-0.020886987447738647,-0.20513585209846497,-0.021720051765441895,-0.14844954013824463,-0.015424847602844238,-0.1404462456703186,-0.010244816541671753,-0.15389835834503174,-0.07512521743774414,-0.1843249797821045,-0.0790289044380188,-0.1478186845779419,-0.06423056125640869,-0.13721519708633423,-0.05691283941268921,no
0.0,0.0,-0.025231897830963135,0.07015970349311829,-0.07867956161499023,0.14799213409423828,-0.11296862363815308,0.2226201295852661,-0.13156461715698242,0.2848278284072876,-0.16064658761024475,0.10085701942443848,-0.21014469861984253,0.11217838525772095,-0.1561076045036316,0.09585416316986084,-0.1351063847541809,0.09080177545547485,-0.16747796535491943,0.041482359170913696,-0.21394702792167664,0.05030173063278198,-0.1496199369430542,0.04275175929069519,-0.14121711254119873,0.04479700326919556,-0.16198182106018066,-0.017459839582443237,-0.20063647627830505,-0.017589181661605835,-0.14429408311843872,-0.013927936553955078,-0.13622403144836426,-0.007811874151229858,-0.15091562271118164,-0.0707101821899414,-0.17936447262763977,-0.0764000415802002,-0.14241862297058105,-0.06337910890579224,-0.13220715522766113,-0.05479392409324646,no
0.0,0.0,-0.023300111293792725,0.07257509231567383,-0.07649117708206177,0.15101492404937744,-0.10932224988937378,0.22424238920211792,-0.12841439247131348,0.2873780131340027,-0.15753528475761414,0.10621893405914307,-0.2066096067428589,0.1194300651550293,-0.15199869871139526,0.10342079401016235,-0.12946480512619019,0.09637957811355591,-0.16539868712425232,0.046807318925857544,-0.2119041085243225,0.056313931941986084,-0.14791864156723022,0.04903942346572876,-0.1380186676979065,0.049280405044555664,-0.1607862114906311,-0.012493014335632324,-0.1987324357032776,-0.01188194751739502,-0.14230722188949585,-0.008462131023406982,-0.13356143236160278,-0.004138588905334473,-0.15027236938476562,-0.06641146540641785,-0.1781674027442932,-0.07140490412712097,-0.14100348949432373,-0.0587468147277832,-0.1308254599571228,-0.05129629373550415,no
0.0,0.0,-0.025499343872070312,0.07166999578475952,-0.07875031232833862,0.14804846048355103,-0.11201620101928711,0.2220463752746582,-0.12914884090423584,0.2859138250350952,-0.1631234586238861,0.10493570566177368,-0.2075476050376892,0.11983746290206909,-0.15405422449111938,0.10269218683242798,-0.13599658012390137,0.09552222490310669,-0.17042088508605957,0.046011269092559814,-0.21204769611358643,0.057586073875427246,-0.15035834908485413,0.05053448677062988,-0.14410793781280518,0.05105799436569214,-0.16513076424598694,-0.013213038444519043,-0.20066317915916443,-0.011846929788589478,-0.14648652076721191,-0.006866544485092163,-0.13970977067947388,-0.002407848834991455,-0.15427738428115845,-0.06664448976516724,-0.18067055940628052,-0.07298541069030762,-0.14534562826156616,-0.058205366134643555,-0.13656431436538696,-0.05088213086128235,no
0.0,0.0,-0.024588823318481445,0.07097333669662476,-0.07556545734405518,0.14622581005096436,-0.10836178064346313,0.21967655420303345,-0.1269848346710205,0.2823699116706848,-0.15641376376152039,0.10209566354751587,-0.20503276586532593,0.11796510219573975,-0.15318500995635986,0.10184383392333984,-0.13134926557540894,0.09425729513168335,-0.16414064168930054,0.04391753673553467,-0.21043190360069275,0.056124866008758545,-0.14925163984298706,0.04933351278305054,-0.13901084661483765,0.04934951663017273,-0.15944325923919678,-0.014663606882095337,-0.19831109046936035,-0.012953996658325195,-0.1445627212524414,-0.008153438568115234,-0.13436293601989746,-0.0038303732872009277,-0.14907479286193848,-0.06767863035202026,-0.17873671650886536,-0.07273244857788086,-0.14404845237731934,-0.05865597724914551,-0.1333797574043274,-0.0515478253364563,no
0.0,0.0,-0.024156689643859863,0.07426947355270386,-0.07364332675933838,0.1568821668624878,-0.1022799015045166,0.23532146215438843,-0.11164706945419312,0.30020076036453247,-0.15145555138587952,0.11632931232452393,-0.19398266077041626,0.1333039402961731,-0.1428241729736328,0.11189806461334229,-0.12582510709762573,0.10427457094192505,-0.1619417667388916,0.060385048389434814,-0.20074796676635742,0.07602787017822266,-0.14147627353668213,0.0631372332572937,-0.13453072309494019,0.06281059980392456,-0.16039955615997314,0.0019306838512420654,-0.1978279948234558,0.008353888988494873,-0.14415469765663147,0.007179290056228638,-0.13381946086883545,0.010127425193786621,-0.15230074524879456,-0.05195114016532898,-0.18195462226867676,-0.050796180963516235,-0.14600950479507446,-0.0401405394077301,-0.13365596532821655,-0.03360795974731445,no
0.0,0.0,-0.02507120370864868,0.07288390398025513,-0.07268083095550537,0.1523836851119995,-0.09903377294540405,0.22823113203048706,-0.10694921016693115,0.29209768772125244,-0.14842671155929565,0.10918712615966797,-0.18890398740768433,0.12435495853424072,-0.13653361797332764,0.10291963815689087,-0.12192124128341675,0.0975307822227478,-0.15785640478134155,0.05364876985549927,-0.19141635298728943,0.06863683462142944,-0.1348392367362976,0.05595040321350098,-0.1317349672317505,0.05794477462768555,-0.15637212991714478,-0.004143834114074707,-0.188169926404953,0.0031918883323669434,-0.1374644637107849,0.0007185935974121094,-0.13249045610427856,0.0038653910160064697,-0.14950019121170044,-0.056715428829193115,-0.17248645424842834,-0.05653610825538635,-0.13812273740768433,-0.04782533645629883,-0.1303654909133911,-0.042866528034210205,no
0.0,0.0,-0.024267911911010742,0.07341024279594421,-0.07131242752075195,0.1533045470714569,-0.09871220588684082,0.22794589400291443,-0.10642588138580322,0.29161515831947327,-0.14786404371261597,0.11156848073005676,-0.1875087320804596,0.1262199580669403,-0.1356564164161682,0.10463353991508484,-0.12118291854858398,0.09947243332862854,-0.15816417336463928,0.05646142363548279,-0.1923840045928955,0.07098981738090515,-0.13408315181732178,0.05739220976829529,-0.12999588251113892,0.05900755524635315,-0.15737482905387878,-0.0011838674545288086,-0.19060230255126953,0.006066739559173584,-0.13874012231826782,0.0027485787868499756,-0.13298755884170532,0.005618780851364136,-0.1504020094871521,-0.05374780297279358,-0.17356953024864197,-0.0516202449798584,-0.1388615369796753,-0.04380020499229431,-0.1313837766647339,-0.0396483838558197,no
0.0,0.0,-0.02425694465637207,0.0699647068977356,-0.06969243288040161,0.14549505710601807,-0.09600120782852173,0.21715563535690308,-0.1060711145401001,0.2765464186668396,-0.14381945133209229,0.10457742214202881,-0.18432801961898804,0.12072247266769409,-0.1376534104347229,0.10176992416381836,-0.12055671215057373,0.09507739543914795,-0.15344256162643433,0.05249303579330444,-0.18867343664169312,0.06701868772506714,-0.13603997230529785,0.05596953630447388,-0.12882405519485474,0.05558556318283081,-0.15129107236862183,-0.00219687819480896,-0.18542742729187012,0.0018258392810821533,-0.13872873783111572,0.0023009181022644043,-0.1297348141670227,0.0056629478931427,-0.1426960527896881,-0.053160130977630615,-0.16915640234947205,-0.053921908140182495,-0.1383247673511505,-0.043739497661590576,-0.12843871116638184,-0.03772205114364624,no
0.0,0.0,-0.02468961477279663,0.0690733790397644,-0.07127749919891357,0.14533936977386475,-0.09894227981567383,0.21753579378128052,-0.11086410284042358,0.27612751722335815,-0.1476568877696991,0.10450762510299683,-0.18442580103874207,0.12025022506713867,-0.13570216298103333,0.09996652603149414,-0.12115633487701416,0.09279054403305054,-0.1573270857334137,0.05326908826828003,-0.1897364854812622,0.06687849760055542,-0.13413846492767334,0.05491369962692261,-0.12996143102645874,0.05481213331222534,-0.1549626886844635,-0.0007093250751495361,-0.18550074100494385,0.003984540700912476,-0.13555622100830078,0.0026474297046661377,-0.1301131248474121,0.00447922945022583,-0.14634856581687927,-0.05056798458099365,-0.16862234473228455,-0.05060499906539917,-0.135235995054245,-0.04148226976394653,-0.12859874963760376,-0.038218915462493896,no
0.0,0.0,-0.02437072992324829,0.06714624166488647,-0.07276040315628052,0.1397160291671753,-0.10176289081573486,0.20887470245361328,-0.11701065301895142,0.26578718423843384,-0.14879566431045532,0.09889054298400879,-0.18691200017929077,0.11101680994033813,-0.13679546117782593,0.09141898155212402,-0.12392079830169678,0.08637207746505737,-0.15684229135513306,0.04523259401321411,-0.19183582067489624,0.05607861280441284,-0.13544553518295288,0.04579231142997742,-0.1319054365158081,0.04829636216163635,-0.15323829650878906,-0.009036391973495483,-0.1852024793624878,-0.006555616855621338,-0.1355431079864502,-0.006117492914199829,-0.13082587718963623,-0.001061856746673584,-0.14424288272857666,-0.05800127983093262,-0.16709870100021362,-0.0618971586227417,-0.13400191068649292,-0.051971763372421265,-0.12726712226867676,-0.04606020450592041,no
0.0,0.0,-0.02152729034423828,0.06317263841629028,-0.06774771213531494,0.13138586282730103,-0.09676963090896606,0.19485610723495483,-0.10857170820236206,0.25398534536361694,-0.14010804891586304,0.08609771728515625,-0.18042370676994324,0.09035247564315796,-0.13066023588180542,0.07716459035873413,-0.11614137887954712,0.07485467195510864,-0.1440625786781311,0.031136810779571533,-0.18287307024002075,0.035947173833847046,-0.12610787153244019,0.032303810119628906,-0.12122094631195068,0.03673255443572998,-0.1385088562965393,-0.022825509309768677,-0.17348754405975342,-0.022757649421691895,-0.1242450475692749,-0.018855899572372437,-0.11736279726028442,-0.01282799243927002,-0.12849056720733643,-0.07135346531867981,-0.1594650149345398,-0.07814466953277588,-0.1277027726173401,-0.06591302156448364,-0.11636906862258911,-0.056259721517562866,no
0.0,0.0,-0.06523627042770386,-0.048994481563568115,-0.09293445944786072,-0.12000167369842529,-0.04247349500656128,-0.15644574165344238,0.018646836280822754,-0.18554049730300903,-0.05462878942489624,-0.37263381481170654,-0.07707136869430542,-0.5251639783382416,-0.09064078330993652,-0.6277583539485931,-0.09690031409263611,-0.7174239456653595,0.019025146961212158,-0.36872726678848267,0.05881083011627197,-0.5366882383823395,0.08484518527984619,-0.6495072841644287,0.11010485887527466,-0.7485798001289368,0.07438236474990845,-0.31677353382110596,0.11198288202285767,-0.38495874404907227,0.06283634901046753,-0.2897713780403137,0.027110636234283447,-0.21465587615966797,0.11186790466308594,-0.24105799198150635,0.11053556203842163,-0.2675687074661255,0.07035911083221436,-0.20726406574249268,0.04315340518951416,-0.158378005027771,peace
0.0,0.0,-0.06032758951187134,-0.04311758279800415,-0.08866497874259949,-0.116535484790802,-0.039798200130462646,-0.15111440420150757,0.017068088054656982,-0.18409067392349243,-0.05451291799545288,-0.3594973683357239,-0.07816809415817261,-0.5033944249153137,-0.09240439534187317,-0.6007615923881531,-0.09907934069633484,-0.6860996782779694,0.016219675540924072,-0.3575800061225891,0.05278104543685913,-0.5157277286052704,0.0749959945678711,-0.6230112314224243,0.09664064645767212,-0.7173582017421722,0.06890952587127686,-0.3097134232521057,0.1043124794960022,-0.37488675117492676,0.05833500623703003,-0.28231894969940186,0.025591015815734863,-0.21036064624786377,0.10500764846801758,-0.23841863870620728,0.10139036178588867,-0.25666123628616333,0.06341403722763062,-0.1956307291984558,0.03813987970352173,-0.14878243207931519,peace
0.0,0.0,-0.05756765604019165,-0.03799039125442505,-0.08487650752067566,-0.10136067867279053,-0.039094388484954834,-0.13611167669296265,0.01362675428390503,-0.1700097918510437,-0.059365928173065186,-0.3334655165672302,-0.08337652683258057,-0.4706699252128601,-0.09799426794052124,-0.563981682062149,-0.1050228476524353,-0.6466785967350006,0.010225057601928711,-0.3349097967147827,0.04620087146759033,-0.48552802205085754,0.0691072940826416,-0.5863395929336548,0.09020978212356567,-0.6761081516742706,0.06246119737625122,-0.2914172410964966,0.0931125283241272,-0.348255455493927,0.05227786302566528,-0.2605002522468567,0.02346748113632202,-0.1940246820449829,0.09771853685379028,-0.22529566287994385,0.09475040435791016,-0.2408023476600647,0.05890005826950073,-0.18340682983398438,0.03470873832702637,-0.1395888328552246,peace
0.0,0.0,-0.0569310188293457,-0.03851771354675293,-0.08476090431213379,-0.1040681004524231,-0.03546428680419922,-0.13992023468017578,0.022295713424682617,-0.17076486349105835,-0.05832630395889282,-0.3235148787498474,-0.08119809627532959,-0.45516136288642883,-0.09495994448661804,-0.5447458028793335,-0.10169237852096558,-0.6241581439971924,0.00796586275100708,-0.32461971044540405,0.04105329513549805,-0.4695819020271301,0.06353402137756348,-0.5671898126602173,0.08447027206420898,-0.6536825597286224,0.05791395902633667,-0.28242945671081543,0.08858972787857056,-0.34204649925231934,0.05148184299468994,-0.2562352418899536,0.02464514970779419,-0.18998754024505615,0.0929797887802124,-0.21803873777389526,0.09363853931427002,-0.24187642335891724,0.06151860952377319,-0.18482935428619385,0.03859812021255493,-0.13976997137069702,peace
0.0,0.0,-0.05491751432418823,-0.037507832050323486,-0.08272671699523926,-0.10009008646011353,-0.037455081939697266,-0.13857102394104004,0.01639866828918457,-0.1695340871810913,-0.057540953159332275,-0.3140803575515747,-0.08007287979125977,-0.43976980447769165,-0.09297233819961548,-0.5268615186214447,-0.09939101338386536,-0.6037814617156982,0.005603194236755371,-0.3154223561286926,0.037858545780181885,-0.45456063747406006,0.05999475717544556,-0.5488302111625671,0.08086603879928589,-0.6319626569747925,0.05322062969207764,-0.2752491235733032,0.08327317237854004,-0.3330046534538269,0.04679304361343384,-0.25282424688339233,0.0202484130859375,-0.19015097618103027,0.08752018213272095,-0.2130061388015747,0.08879995346069336,-0.23936980962753296,0.05808466672897339,-0.18665701150894165,0.03539544343948364,-0.14361310005187988,peace
0.0,0.0,-0.05262601375579834,-0.03679472208023071,-0.0768197774887085,-0.09901303052902222,-0.030323266983032227,-0.1375981569290161,0.020446956157684326,-0.17170804738998413,-0.053165972232818604,-0.3042999505996704,-0.07380032539367676,-0.42681819200515747,-0.08607393503189087,-0.5113081932067871,-0.09246242046356201,-0.5857102572917938,0.008482754230499268,-0.3055986166000366,0.0410844087600708,-0.4422588348388672,0.062226295471191406,-0.5340321063995361,0.08193349838256836,-0.6144756972789764,0.05477547645568848,-0.26660043001174927,0.0837814211845398,-0.32463324069976807,0.0476953387260437,-0.24769866466522217,0.02233189344406128,-0.18771570920944214,0.08764976263046265,-0.20671409368515015,0.08763331174850464,-0.23226338624954224,0.05717790126800537,-0.180539071559906,0.0365031361579895,-0.13949120044708252,peace
0.0,0.0,-0.05352914333343506,-0.03799450397491455,-0.07734805345535278,-0.10166364908218384,-0.030892908573150635,-0.13878828287124634,0.02014058828353882,-0.1694347858428955,-0.05019873380661011,-0.29973798990249634,-0.07148623466491699,-0.4177556037902832,-0.08369621634483337,-0.4994312524795532,-0.08965885639190674,-0.5709278881549835,0.009219467639923096,-0.2994319796562195,0.039794325828552246,-0.4323968291282654,0.0593906044960022,-0.5219273865222931,0.07875102758407593,-0.5995752215385437,0.05355334281921387,-0.26053673028945923,0.08316755294799805,-0.3210040330886841,0.048573076725006104,-0.2509462833404541,0.023949384689331055,-0.19422876834869385,0.08542025089263916,-0.20142722129821777,0.08598589897155762,-0.23138755559921265,0.056828081607818604,-0.18311119079589844,0.036632239818573,-0.1430695652961731,peace
0.0,0.0,-0.05127674341201782,-0.038398146629333496,-0.0722917914390564,-0.10260313749313354,-0.029520034790039062,-0.13915401697158813,0.016794979572296143,-0.16819578409194946,-0.046792030334472656,-0.287376344203949,-0.06759881973266602,-0.39834335446357727,-0.0796891450881958,-0.4754517674446106,-0.0857122540473938,-0.5427806079387665,0.007823944091796875,-0.2856782078742981,0.036061227321624756,-0.41184645891189575,0.0529366135597229,-0.4977307915687561,0.07034957408905029,-0.5711815357208252,0.04942566156387329,-0.24852335453033447,0.07693541049957275,-0.3095386028289795,0.04270106554031372,-0.24394142627716064,0.018906593322753906,-0.1901625394821167,0.08045268058776855,-0.1927509307861328,0.08131778240203857,-0.2273455262184143,0.05378007888793945,-0.1825941801071167,0.0354653000831604,-0.14509743452072144,peace
0.0,0.0,-0.04822981357574463,-0.035670340061187744,-0.06620925664901733,-0.09524017572402954,-0.02642357349395752,-0.1290794014930725,0.014560997486114502,-0.15704572200775146,-0.045067548751831055,-0.26953744888305664,-0.06426256895065308,-0.37540990114212036,-0.07554936408996582,-0.4488416910171509,-0.08193480968475342,-0.5129642486572266,0.007083237171173096,-0.2681283950805664,0.03527945280075073,-0.38848453760147095,0.05173611640930176,-0.4692501127719879,0.06787341833114624,-0.5386106073856354,0.046518683433532715,-0.232258141040802,0.07345283031463623,-0.28923410177230835,0.041098833084106445,-0.22721195220947266,0.018569886684417725,-0.1776159405708313,0.07487297058105469,-0.17827415466308594,0.07594484090805054,-0.20813405513763428,0.04922616481781006,-0.16625213623046875,0.03111046552658081,-0.13212478160858154,peace
0.0,0.0,-0.04478776454925537,-0.03267174959182739,-0.06326287984848022,-0.08685427904129028,-0.02885967493057251,-0.12161701917648315,0.007464349269866943,-0.15225845575332642,-0.042530596256256104,-0.2502704858779907,-0.06109696626663208,-0.3488238453865051,-0.07183849811553955,-0.41710713505744934,-0.0773768424987793,-0.47658771276474,0.006227076053619385,-0.24871522188186646,0.03262031078338623,-0.3618376851081848,0.04758107662200928,-0.4378507733345032,0.062497079372406006,-0.5021849572658539,0.043471693992614746,-0.21457111835479736,0.0668070912361145,-0.2701435685157776,0.036561787128448486,-0.21361982822418213,0.016221463680267334,-0.16734910011291504,0.07061874866485596,-0.16318941116333008,0.07093214988708496,-0.19527453184127808,0.04560643434524536,-0.1571187973022461,0.028931796550750732,-0.12406390905380249,peace
0.0,0.0,-0.04659390449523926,-0.03477787971496582,-0.06311905384063721,-0.09051501750946045,-0.025566577911376953,-0.12196213006973267,0.011732101440429688,-0.14877480268478394,-0.04147136211395264,-0.25094670057296753,-0.05955690145492554,-0.34608739614486694,-0.0708802342414856,-0.4135531187057495,-0.0770115852355957,-0.47197234630584717,0.006693840026855469,-0.24900859594345093,0.03261905908584595,-0.3586410582065582,0.04727071523666382,-0.4334736466407776,0.06258922815322876,-0.49710920453071594,0.043264567852020264,-0.2157955765724182,0.06698590517044067,-0.26763641834259033,0.03587132692337036,-0.21157431602478027,0.01521390676498413,-0.1657651662826538,0.06977170705795288,-0.16630291938781738,0.0692794919013977,-0.1956726312637329,0.04459559917449951,-0.15711867809295654,0.02935248613357544,-0.12482494115829468,peace
0.0,0.0,-0.0441860556602478,-0.03105330467224121,-0.06084322929382324,-0.08647298812866211,-0.023060262203216553,-0.11798644065856934,0.015655338764190674,-0.14383846521377563,-0.03952908515930176,-0.2478245496749878,-0.05706661939620972,-0.3449101448059082,-0.0677531361579895,-0.41162633895874023,-0.07367724180221558,-0.4687103033065796,0.008149325847625732,-0.24647259712219238,0.03274041414260864,-0.3556573987007141,0.04717111587524414,-0.42819732427597046,0.06158393621444702,-0.4900777339935303,0.04366272687911987,-0.21382880210876465,0.06768029928207397,-0.2647780179977417,0.03927326202392578,-0.21057289838790894,0.0195695161819458,-0.1665409803390503,0.0686347484588623,-0.16486859321594238,0.06943148374557495,-0.18979507684707642,0.045970916748046875,-0.15161454677581787,0.030404269695281982,-0.12013554573059082,peace
0.0,0.0,-0.04208570718765259,-0.03338789939880371,-0.05752295255661011,-0.08578789234161377,-0.02251070737838745,-0.11620241403579712,0.013218224048614502,-0.14046132564544678,-0.037828683853149414,-0.23952484130859375,-0.054837167263031006,-0.33213838934898376,-0.06447362899780273,-0.3964131474494934,-0.06952464580535889,-0.45164692401885986,0.008061230182647705,-0.23863929510116577,0.03293025493621826,-0.3436521887779236,0.04789161682128906,-0.4144359230995178,0.06271827220916748,-0.4742911458015442,0.042666852474212646,-0.2072610855102539,0.06657207012176514,-0.25429946184158325,0.03861582279205322,-0.20150762796401978,0.01932138204574585,-0.1591283679008484,0.06715697050094604,-0.15949922800064087,0.06933873891830444,-0.1846500039100647,0.045719265937805176,-0.14936596155166626,0.030083417892456055,-0.12030154466629028,peace
0.0,0.0,-0.040630996227264404,-0.031008660793304443,-0.054917871952056885,-0.08199703693389893,-0.021125376224517822,-0.11330640316009521,0.0116385817527771,-0.1397295594215393,-0.037392497062683105,-0.2319292426109314,-0.05495011806488037,-0.3226754665374756,-0.0650026798248291,-0.3856797218322754,-0.07017874717712402,-0.43918758630752563,0.006832897663116455,-0.23054760694503784,0.030321776866912842,-0.3331303000450134,0.04401552677154541,-0.40214669704437256,0.05807375907897949,-0.4597814679145813,0.03998202085494995,-0.2000957727432251,0.06407558917999268,-0.25039929151535034,0.03608298301696777,-0.20110392570495605,0.01659071445465088,-0.1595245599746704,0.06372642517089844,-0.1541416049003601,0.06481540203094482,-0.18177753686904907,0.042435526847839355,-0.14855271577835083,0.02773153781890869,-0.11956250667572021,peace
0.0,0.0,-0.04052215814590454,-0.03083038330078125,-0.0546642541885376,-0.08169680833816528,-0.02562868595123291,-0.11149638891220093,0.0020864009857177734,-0.13789618015289307,-0.0385822057723999,-0.22476321458816528,-0.05690872669219971,-0.3113327622413635,-0.0676947832107544,-0.3705570697784424,-0.0740196704864502,-0.421151340007782,0.003754556179046631,-0.22266924381256104,0.025309085845947266,-0.32177358865737915,0.03781408071517944,-0.3880266547203064,0.05040079355239868,-0.44265127182006836,0.03560817241668701,-0.19309335947036743,0.05740666389465332,-0.23998427391052246,0.03038841485977173,-0.1961665153503418,0.01099693775177002,-0.15857696533203125,0.05810737609863281,-0.14940255880355835,0.057965219020843506,-0.17291462421417236,0.035360872745513916,-0.1427655816078186,0.01972264051437378,-0.11621838808059692,peace
0.0,0.0,-0.04001665115356445,-0.031159043312072754,-0.053356826305389404,-0.0795246958732605,-0.024001896381378174,-0.10880309343338013,0.0045386552810668945,-0.13429641723632812,-0.037127912044525146,-0.21873438358306885,-0.055374205112457275,-0.30231496691703796,-0.06689262390136719,-0.3606899380683899,-0.07324188947677612,-0.4111165702342987,0.003871142864227295,-0.21801769733428955,0.025329530239105225,-0.3138279616832733,0.03671884536743164,-0.37878936529159546,0.049333393573760986,-0.43375739455223083,0.035484492778778076,-0.18988573551177979,0.05573534965515137,-0.2369006872177124,0.028026700019836426,-0.18807238340377808,0.009881734848022461,-0.14745354652404785,0.0585288405418396,-0.14711111783981323,0.05875897407531738,-0.1750202178955078,0.0376739501953125,-0.14478033781051636,0.024798452854156494,-0.11841392517089844,peace
0.0,0.0,-0.036912620067596436,-0.03241831064224243,-0.04927021265029907,-0.07837188243865967,-0.02066439390182495,-0.10598254203796387,0.008574604988098145,-0.12890243530273438,-0.03248113393783569,-0.21502572298049927,-0.0497400164604187,-0.29873427748680115,-0.05939078330993652,-0.35763323307037354,-0.06446433067321777,-0.40773147344589233,0.008435666561126709,-0.21332556009292603,0.03030991554260254,-0.309538871049881,0.04290813207626343,-0.3734661936759949,0.05635601282119751,-0.4272775650024414,0.03977560997009277,-0.18412137031555176,0.06127297878265381,-0.2305355668067932,0.03464275598526001,-0.18513858318328857,0.01701796054840088,-0.14782047271728516,0.06236320734024048,-0.14021295309066772,0.06449276208877563,-0.16763317584991455,0.04297369718551636,-0.13956457376480103,0.02982163429260254,-0.11543548107147217,peace
0.0,0.0,-0.035218000411987305,-0.035091280937194824,-0.04241955280303955,-0.08324778079986572,-0.0058560967445373535,-0.10978466272354126,0.028209149837493896,-0.13077163696289062,-0.02711719274520874,-0.21548974514007568,-0.041915714740753174,-0.29990294575691223,-0.05031120777130127,-0.3592270016670227,-0.05397766828536987,-0.40935754776000977,0.014000296592712402,-0.21431225538253784,0.03751605749130249,-0.30693531036376953,0.05210673809051514,-0.3701291084289551,0.06688839197158813,-0.4239388704299927,0.04466372728347778,-0.18669754266738892,0.0708843469619751,-0.23108816146850586,0.04604649543762207,-0.18487459421157837,0.027822017669677734,-0.14707958698272705,0.06689131259918213,-0.14510726928710938,0.07421815395355225,-0.17117822170257568,0.05466586351394653,-0.14143788814544678,0.0408250093460083,-0.11614751815795898,peace
0.0,0.0,-0.03379756212234497,-0.03528261184692383,-0.040093302726745605,-0.08404344320297241,-0.00011616945266723633,-0.11096453666687012,0.03669869899749756,-0.13228970766067505,-0.022412240505218506,-0.21613353490829468,-0.0345577597618103,-0.30155280232429504,-0.04272347688674927,-0.3622521162033081,-0.04645979404449463,-0.41367751359939575,0.01895827054977417,-0.21581053733825684,0.04390823841094971,-0.3080497086048126,0.05975574254989624,-0.3692229390144348,0.0755922794342041,-0.4222390055656433,0.04936957359313965,-0.18823421001434326,0.0767936110496521,-0.23368620872497559,0.05362063646316528,-0.1860920786857605,0.03617548942565918,-0.14787447452545166,0.07155603170394897,-0.14551478624343872,0.08311021327972412,-0.17588269710540771,0.06508421897888184,-0.14682245254516602,0.05120241641998291,-0.12107729911804199,peace
0.0,0.0,-0.0331956148147583,-0.03447377681732178,-0.03958165645599365,-0.08327490091323853,-0.0009180903434753418,-0.10890281200408936,0.0342869758605957,-0.1301751732826233,-0.0229719877243042,-0.21584004163742065,-0.03523218631744385,-0.30036744475364685,-0.042924463748931885,-0.36005228757858276,-0.04667383432388306,-0.41045141220092773,0.017862915992736816,-0.21518701314926147,0.04347020387649536,-0.3065352439880371,0.059397757053375244,-0.3662281632423401,0.07507175207138062,-0.41911688446998596,0.04806530475616455,-0.1878119707107544,0.07499301433563232,-0.22856247425079346,0.050042569637298584,-0.17919838428497314,0.03173363208770752,-0.14295482635498047,0.06944996118545532,-0.1453932523727417,0.07955247163772583,-0.17027688026428223,0.06046760082244873,-0.1392580270767212,0.04678767919540405,-0.11585128307342529,peace
0.0,0.0,-0.033352017402648926,-0.02772057056427002,-0.044105470180511475,-0.06987017393112183,-0.012840688228607178,-0.09682881832122803,0.017240583896636963,-0.12112683057785034,-0.0315861701965332,-0.20544427633285522,-0.04780620336532593,-0.28694218397140503,-0.057809412479400635,-0.34348809719085693,-0.06360387802124023,-0.3916718363761902,0.008353888988494873,-0.20581567287445068,0.028874754905700684,-0.2974751591682434,0.041400372982025146,-0.35718145966529846,0.05312609672546387,-0.4084692895412445,0.03804987668991089,-0.17959654331207275,0.061245620250701904,-0.2158716917037964,0.03884410858154297,-0.17033535242080688,0.02144068479537964,-0.13495957851409912,0.05806994438171387,-0.1391553282737732,0.06228518486022949,-0.1540132761001587,0.042528510093688965,-0.12348145246505737,0.027251005172729492,-0.09928911924362183,peace
0.0,0.0,-0.0321652889251709,-0.025748133659362793,-0.04389423131942749,-0.06580859422683716,-0.01673990488052368,-0.09046733379364014,0.01054304838180542,-0.11184996366500854,-0.03503376245498657,-0.19149750471115112,-0.05358642339706421,-0.2660227417945862,-0.06407046318054199,-0.31816717982292175,-0.07049649953842163,-0.36287370324134827,0.001964867115020752,-0.19210082292556763,0.022188842296600342,-0.2768760919570923,0.03508555889129639,-0.33275657892227173,0.04681086540222168,-0.38153761625289917,0.029496729373931885,-0.16794925928115845,0.05077159404754639,-0.20220857858657837,0.0309256911277771,-0.15948128700256348,0.015799760818481445,-0.12703394889831543,0.04867863655090332,-0.13046646118164062,0.05367302894592285,-0.14561569690704346,0.03613036870956421,-0.1166871190071106,0.022530317306518555,-0.09384810924530029,peace
0.0,0.0,-0.033008038997650146,-0.026981472969055176,-0.04360133409500122,-0.06773102283477783,-0.016334176063537598,-0.09332633018493652,0.009682297706604004,-0.11533361673355103,-0.03505676984786987,-0.18939286470413208,-0.05304694175720215,-0.2627059519290924,-0.06343120336532593,-0.31417372822761536,-0.06972259283065796,-0.35812604427337646,0.0013486742973327637,-0.1904248595237732,0.02050858736038208,-0.27379024028778076,0.03276944160461426,-0.3292444944381714,0.04445892572402954,-0.3770172894001007,0.02869325876235962,-0.16697245836257935,0.048055052757263184,-0.2026037573814392,0.028049230575561523,-0.16012907028198242,0.013627707958221436,-0.12727749347686768,0.048100829124450684,-0.13035619258880615,0.05254518985748291,-0.148919939994812,0.03522127866744995,-0.1207548975944519,0.022474467754364014,-0.0978427529335022,peace
0.0,0.0,-0.031839966773986816,-0.025346100330352783,-0.0435870885848999,-0.06371575593948364,-0.0167161226272583,-0.08852559328079224,0.01050037145614624,-0.10977351665496826,-0.03369063138961792,-0.1857556700706482,-0.05072396993637085,-0.259123831987381,-0.060626327991485596,-0.3104562759399414,-0.06614941358566284,-0.3552723526954651,0.0030252933502197266,-0.18732982873916626,0.022913634777069092,-0.26967912912368774,0.036537230014801025,-0.32392555475234985,0.049028754234313965,-0.3718253970146179,0.030440986156463623,-0.1643381118774414,0.05133908987045288,-0.19826269149780273,0.03119713068008423,-0.15487074851989746,0.015777230262756348,-0.1219630241394043,0.0495455265045166,-0.12799888849258423,0.055112242698669434,-0.1440531611442566,0.03749954700469971,-0.11509847640991211,0.023761987686157227,-0.09217005968093872,peace
0.0,0.0,-0.030500710010528564,-0.02572929859161377,-0.04002571105957031,-0.06573057174682617,-0.012878894805908203,-0.09109342098236084,0.01257866621017456,-0.11294186115264893,-0.03217989206314087,-0.18484574556350708,-0.048555076122283936,-0.25648337602615356,-0.058378517627716064,-0.30657583475112915,-0.06419980525970459,-0.34925875067710876,0.0030902624130249023,-0.1854667067527771,0.022911667823791504,-0.265730082988739,0.036057472229003906,-0.3186746835708618,0.04834336042404175,-0.3639654517173767,0.029579877853393555,-0.16248470544815063,0.05042243003845215,-0.1971879005432129,0.030846893787384033,-0.15687644481658936,0.016110718250274658,-0.1253652572631836,0.04849761724472046,-0.12685883045196533,0.05400228500366211,-0.1463538408279419,0.03789019584655762,-0.1192060112953186,0.025938689708709717,-0.09699416160583496,peace
0.0,0.0,-0.052706629037857056,-0.017303824424743652,-0.0935768187046051,-0.04739469289779663,-0.10979416966438293,-0.06965100765228271,-0.09428045153617859,-0.08530271053314209,-0.08023884892463684,-0.22073739767074585,-0.1098773181438446,-0.31814685463905334,-0.1280691921710968,-0.379472553730011,-0.1397312581539154,-0.43596017360687256,-0.034655869007110596,-0.22261226177215576,-0.01963934302330017,-0.3325234651565552,-0.007240325212478638,-0.4084435701370239,0.00396960973739624,-0.4762802720069885,0.0014070570468902588,-0.1947818398475647,-0.021926939487457275,-0.22450363636016846,-0.056212782859802246,-0.16294312477111816,-0.0750163197517395,-0.1168171763420105,0.023831874132156372,-0.1513708233833313,-0.0027962028980255127,-0.17443639039993286,-0.03678452968597412,-0.13281375169754028,-0.05939212441444397,-0.09431153535842896,peace
0.0,0.0,-0.05556386709213257,-0.020288527011871338,-0.09882789850234985,-0.049124062061309814,-0.11703082919120789,-0.0725969672203064,-0.0952511727809906,-0.09022599458694458,-0.0851527750492096,-0.22119474411010742,-0.11585089564323425,-0.3192734122276306,-0.1340588629245758,-0.3819478154182434,-0.1460716724395752,-0.43870681524276733,-0.03955727815628052,-0.2225777506828308,-0.026047885417938232,-0.333410382270813,-0.014179885387420654,-0.4108371138572693,-0.0036368966102600098,-0.4796324074268341,-0.002524077892303467,-0.19420522451400757,-0.02481997013092041,-0.22214525938034058,-0.05954959988594055,-0.16013473272323608,-0.07926234602928162,-0.11367350816726685,0.021140217781066895,-0.1499677300453186,-0.0030372440814971924,-0.17467254400253296,-0.03739142417907715,-0.13524383306503296,-0.061492919921875,-0.0979728102684021,peace
0.0,0.0,-0.048556745052337646,-0.017757058143615723,-0.08843812346458435,-0.0477595329284668,-0.09732359647750854,-0.0703083872795105,-0.07046255469322205,-0.09318488836288452,-0.07421869039535522,-0.22257858514785767,-0.10554388165473938,-0.32047930359840393,-0.12414291501045227,-0.3835136592388153,-0.13515332341194153,-0.4417826533317566,-0.02749919891357422,-0.22389715909957886,-0.013673335313796997,-0.3335275948047638,0.00014019012451171875,-0.40807369351387024,0.013512074947357178,-0.47462645173072815,0.010936886072158813,-0.19598865509033203,-0.001771479845046997,-0.22246700525283813,-0.03641054034233093,-0.16056400537490845,-0.0569148063659668,-0.11481714248657227,0.03714489936828613,-0.15259557962417603,0.013664305210113525,-0.1671510934829712,-0.019890636205673218,-0.12538933753967285,-0.04296308755874634,-0.08961904048919678,peace
0.0,0.0,-0.04962220788002014,-0.023912549018859863,-0.0864783227443695,-0.05876117944717407,-0.08614331483840942,-0.07642936706542969,-0.05951416492462158,-0.09292334318161011,-0.07222801446914673,-0.2267346978187561,-0.10057103633880615,-0.32442331314086914,-0.11738431453704834,-0.3869016170501709,-0.1272856891155243,-0.4449635148048401,-0.024261474609375,-0.22951412200927734,-0.007783561944961548,-0.3387044072151184,0.0077942609786987305,-0.4139310121536255,0.021700143814086914,-0.47972193360328674,0.01510530710220337,-0.20061123371124268,0.0034789741039276123,-0.226748526096344,-0.03085339069366455,-0.1649494171142578,-0.0527062714099884,-0.11775743961334229,0.042295485734939575,-0.15489870309829712,0.018086284399032593,-0.1650981903076172,-0.014430612325668335,-0.12401801347732544,-0.036842793226242065,-0.08799201250076294,peace
0.0,0.0,-0.0519842803478241,-0.022650539875030518,-0.0822441577911377,-0.06559276580810547,-0.07012340426445007,-0.08175301551818848,-0.054098278284072876,-0.09830647706985474,-0.06319701671600342,-0.23773539066314697,-0.08838823437690735,-0.337837815284729,-0.10349562764167786,-0.4013882875442505,-0.11140722036361694,-0.46070292592048645,-0.00938984751701355,-0.24796736240386963,0.006366729736328125,-0.3509158492088318,0.022404998540878296,-0.42249059677124023,0.038481295108795166,-0.48381319642066956,0.03321519494056702,-0.2239694595336914,0.02750629186630249,-0.24236810207366943,-0.009828001260757446,-0.17066925764083862,-0.03534412384033203,-0.11603808403015137,0.06435710191726685,-0.18149888515472412,0.03616395592689514,-0.1660965085029602,-0.0025155246257781982,-0.11802172660827637,-0.029557615518569946,-0.08035504817962646,peace
0.0,0.0,-0.047342389822006226,-0.02803027629852295,-0.07592672109603882,-0.06855350732803345,-0.05886954069137573,-0.0856056809425354,-0.027938127517700195,-0.09999203681945801,-0.0484185516834259,-0.23212414979934692,-0.07025349140167236,-0.3287356495857239,-0.08198431134223938,-0.3925408124923706,-0.08604028820991516,-0.4508470892906189,-0.0016738176345825195,-0.22745966911315918,0.027655988931655884,-0.33460763096809387,0.049584776163101196,-0.407912939786911,0.06954911351203918,-0.4715171456336975,0.03372582793235779,-0.19420862197875977,0.04111561179161072,-0.23447060585021973,0.005611419677734375,-0.17517191171646118,-0.019863128662109375,-0.1295493245124817,0.057765811681747437,-0.14594459533691406,0.050358861684799194,-0.16823726892471313,0.019530415534973145,-0.13111019134521484,-0.005719810724258423,-0.09833002090454102,peace
0.0,0.0,-0.04472595453262329,-0.028974831104278564,-0.06954973936080933,-0.07333678007125854,-0.04931175708770752,-0.09108591079711914,-0.016138195991516113,-0.10653239488601685,-0.044858962297439575,-0.23125439882278442,-0.06254655122756958,-0.33028846979141235,-0.07171711325645447,-0.3965052664279938,-0.07453605532646179,-0.45618271827697754,0.002710402011871338,-0.22811514139175415,0.03439146280288696,-0.3309937119483948,0.058510422706604004,-0.40157830715179443,0.08012145757675171,-0.4645627737045288,0.03764122724533081,-0.19533121585845947,0.05122041702270508,-0.23063349723815918,0.017502665519714355,-0.17133957147598267,-0.006957709789276123,-0.12728267908096313,0.06013768911361694,-0.14775019884109497,0.0521245002746582,-0.15543889999389648,0.02068018913269043,-0.11874008178710938,-0.004499554634094238,-0.09006178379058838,peace
0.0,0.0,-0.06638307869434357,-0.01353156566619873,-0.12082576751708984,-0.03517460823059082,-0.14379724860191345,-0.049326300621032715,-0.12472638487815857,-0.06468409299850464,-0.11105231940746307,-0.2583257555961609,-0.1474931240081787,-0.3759816288948059,-0.17010658979415894,-0.45107877254486084,-0.1856411248445511,-0.5206692814826965,-0.051391422748565674,-0.2646256685256958,-0.035133540630340576,-0.39547133445739746,-0.019028931856155396,-0.48942750692367554,-0.0057503581047058105,-0.5706610977649689,-0.003628969192504883,-0.2329896092414856,-0.033275306224823,-0.23946106433868408,-0.07557983696460724,-0.16141968965530396,-0.10230717062950134,-0.10564148426055908,0.026050865650177002,-0.18085885047912598,-0.010257363319396973,-0.1833202838897705,-0.050633788108825684,-0.12730097770690918,-0.08034667372703552,-0.0806114673614502,peace
0.0,0.0,-0.06366950273513794,-0.014224708080291748,-0.11261892318725586,-0.04512584209442139,-0.11331039667129517,-0.05978935956954956,-0.08438873291015625,-0.08807677030563354,-0.10117936134338379,-0.2534758448600769,-0.13540342450141907,-0.36947202682495117,-0.158314049243927,-0.44363731145858765,-0.1732592135667801,-0.5136449337005615,-0.04180419445037842,-0.26224398612976074,-0.02309197187423706,-0.38892048597335815,-0.004712432622909546,-0.4792981445789337,0.01249799132347107,-0.5609794855117798,0.006486058235168457,-0.2326638102531433,-0.010641634464263916,-0.23820185661315918,-0.050104379653930664,-0.15973258018493652,-0.07549747824668884,-0.106692373752594,0.0399242639541626,-0.1817706823348999,0.009409666061401367,-0.16695737838745117,-0.027091562747955322,-0.10875177383422852,-0.05188387632369995,-0.06618881225585938,peace
0.0,0.0,-0.06490245461463928,-0.02832895517349243,-0.09887778759002686,-0.0834496021270752,-0.06264561414718628,-0.08762836456298828,-0.014106959104537964,-0.08739602565765381,-0.06778091192245483,-0.2553234100341797,-0.08752745389938354,-0.3681330680847168,-0.10098719596862793,-0.44002944231033325,-0.10814976692199707,-0.5071279406547546,-0.006390094757080078,-0.2572401762008667,0.027766495943069458,-0.37826257944107056,0.05479356646537781,-0.46190762519836426,0.07855898141860962,-0.5332903265953064,0.0410057008266449,-0.22216784954071045,0.044603705406188965,-0.24015778303146362,0.002690136432647705,-0.1608472466468811,-0.029410630464553833,-0.10328924655914307,0.07326716184616089,-0.16911548376083374,0.057571232318878174,-0.15782779455184937,0.019008874893188477,-0.10358434915542603,-0.012835025787353516,-0.062118589878082275,peace
0.0,0.0,-0.0565703809261322,-0.02331101894378662,-0.08814132213592529,-0.06721299886703491,-0.06179565191268921,-0.0737561583518982,-0.024102389812469482,-0.0840296745300293,-0.058397263288497925,-0.2583581805229187,-0.08077001571655273,-0.3724077045917511,-0.09450188279151917,-0.44803696870803833,-0.1008596420288086,-0.5177938640117645,-0.001377493143081665,-0.2580137252807617,0.03225025534629822,-0.3786177635192871,0.06063687801361084,-0.46358722448349,0.08482545614242554,-0.5396089553833008,0.04204258322715759,-0.22174084186553955,0.05533194541931152,-0.2525688409805298,0.01654374599456787,-0.17360496520996094,-0.01447877287864685,-0.11715996265411377,0.0712699294090271,-0.16681969165802002,0.06553345918655396,-0.1705060601234436,0.03106805682182312,-0.11781126260757446,0.0007725954055786133,-0.0779615044593811,peace
0.0,0.0,-0.05347070097923279,-0.028437256813049316,-0.0810832679271698,-0.07503116130828857,-0.05229058861732483,-0.09460264444351196,-0.014003604650497437,-0.11649346351623535,-0.04984244704246521,-0.26640450954437256,-0.06931295990943909,-0.3784794509410858,-0.08031824231147766,-0.4549542963504791,-0.08406168222427368,-0.5250358581542969,0.005413830280303955,-0.2624959349632263,0.04265817999839783,-0.3800942897796631,0.07189449667930603,-0.4631756842136383,0.09715566039085388,-0.5382700264453888,0.04588732123374939,-0.2233467698097229,0.06363490223884583,-0.2621942162513733,0.026572614908218384,-0.1932193636894226,-0.0027365684509277344,-0.14224570989608765,0.07251092791557312,-0.16606491804122925,0.06933870911598206,-0.17997288703918457,0.035564571619033813,-0.13680309057235718,0.006136596202850342,-0.10213512182235718,peace
0.0,0.0,-0.0516127347946167,-0.02935802936553955,-0.08207416534423828,-0.07772451639175415,-0.05174499750137329,-0.09633708000183105,-0.00946912169456482,-0.11364811658859253,-0.04638779163360596,-0.26385045051574707,-0.06488111615180969,-0.37576737999916077,-0.074456125497818,-0.45236605405807495,-0.07732921838760376,-0.5220410525798798,0.00857090950012207,-0.25994008779525757,0.04696756601333618,-0.37743717432022095,0.07682424783706665,-0.4589838981628418,0.10238605737686157,-0.5332456231117249,0.04864567518234253,-0.22117996215820312,0.0671643614768982,-0.25686055421829224,0.02986276149749756,-0.18602687120437622,0.0009968876838684082,-0.13363897800445557,0.0747675895690918,-0.16468805074691772,0.06902843713760376,-0.173900306224823,0.03494846820831299,-0.12971436977386475,0.006596982479095459,-0.09411948919296265,peace
0.0,0.0,-0.044819176197052,-0.029276371002197266,-0.06409040093421936,-0.07529377937316895,-0.030867695808410645,-0.0882139801979065,0.008992791175842285,-0.09999310970306396,-0.03953808546066284,-0.250044584274292,-0.05735543370246887,-0.3587516248226166,-0.06620347499847412,-0.43229854106903076,-0.06859520077705383,-0.49734267592430115,0.014602422714233398,-0.2479952573776245,0.05211448669433594,-0.36039137840270996,0.08051997423171997,-0.43639159202575684,0.1058812141418457,-0.5048978924751282,0.05367779731750488,-0.21156620979309082,0.07877886295318604,-0.23943036794662476,0.045535385608673096,-0.17664647102355957,0.02045261859893799,-0.13078516721725464,0.0777387022972107,-0.15911716222763062,0.07876098155975342,-0.15964233875274658,0.048984646797180176,-0.12023991346359253,0.025516629219055176,-0.09070563316345215,peace
0.0,0.0,-0.04441887140274048,-0.02528667449951172,-0.0650058388710022,-0.06746888160705566,-0.029224097728729248,-0.0872507095336914,0.011911869049072266,-0.10731804370880127,-0.041173696517944336,-0.24588119983673096,-0.05746501684188843,-0.351828396320343,-0.06683516502380371,-0.42325934767723083,-0.07004308700561523,-0.48699262738227844,0.01133805513381958,-0.24544036388397217,0.04598039388656616,-0.35567912459373474,0.07362103462219238,-0.4289381504058838,0.09778010845184326,-0.49474355578422546,0.04892188310623169,-0.21044981479644775,0.07444065809249878,-0.2401118278503418,0.04356616735458374,-0.17715030908584595,0.019101977348327637,-0.13167345523834229,0.072917640209198,-0.15842533111572266,0.07662391662597656,-0.1632087230682373,0.04847520589828491,-0.12235480546951294,0.024187445640563965,-0.09172052145004272,peace
0.0,0.0,-0.045689284801483154,-0.02754509449005127,-0.06364977359771729,-0.07072937488555908,-0.024893999099731445,-0.0905870795249939,0.016789495944976807,-0.10834801197052002,-0.0384976863861084,-0.2420474886894226,-0.05347931385040283,-0.3459092974662781,-0.062370121479034424,-0.4159323573112488,-0.06539827585220337,-0.4779356122016907,0.013285934925079346,-0.24082982540130615,0.04695701599121094,-0.3491346836090088,0.07284265756607056,-0.4211004078388214,0.09564077854156494,-0.4855425953865051,0.050052642822265625,-0.20675116777420044,0.07451343536376953,-0.2365659475326538,0.04567587375640869,-0.17574542760849,0.02351832389831543,-0.13131088018417358,0.0731704831123352,-0.15659832954406738,0.07656353712081909,-0.1638585925102234,0.05049574375152588,-0.12499934434890747,0.028610169887542725,-0.09530949592590332,peace
0.0,0.0,-0.038339316844940186,-0.0255926251411438,-0.05432164669036865,-0.06678664684295654,-0.01692831516265869,-0.08683586120605469,0.023631393909454346,-0.10486340522766113,-0.0327908992767334,-0.23217934370040894,-0.04807645082473755,-0.330041766166687,-0.058114826679229736,-0.3983258008956909,-0.06249135732650757,-0.458811491727829,0.01612943410873413,-0.23200887441635132,0.048055171966552734,-0.33746176958084106,0.07259052991867065,-0.40745067596435547,0.09463834762573242,-0.4714837670326233,0.051394641399383545,-0.19895166158676147,0.07896596193313599,-0.2279253602027893,0.0505794882774353,-0.16676729917526245,0.02851313352584839,-0.12351644039154053,0.07437443733215332,-0.15009421110153198,0.07914972305297852,-0.15336179733276367,0.05287259817123413,-0.11466538906097412,0.031595587730407715,-0.0870327353477478,peace
0.0,0.0,-0.036551594734191895,-0.029408693313598633,-0.04977226257324219,-0.07380330562591553,-0.010458528995513916,-0.09592729806900024,0.029844582080841064,-0.11474215984344482,-0.03027939796447754,-0.2285197377204895,-0.045718491077423096,-0.32262611389160156,-0.055506348609924316,-0.3882370591163635,-0.06041818857192993,-0.44621050357818604,0.01662588119506836,-0.22814327478408813,0.04710793495178223,-0.329348623752594,0.07049208879470825,-0.395854651927948,0.09125655889511108,-0.4565330743789673,0.050300419330596924,-0.1966094970703125,0.0780022144317627,-0.22735470533370972,0.05042976140975952,-0.1700780987739563,0.02875727415084839,-0.12871617078781128,0.0724911093711853,-0.14966225624084473,0.08015859127044678,-0.1586359739303589,0.0564839243888855,-0.12108266353607178,0.0375027060508728,-0.09312164783477783,peace
0.0,0.0,-0.04026472568511963,-0.024893522262573242,-0.061415791511535645,-0.06119418144226074,-0.03830987215042114,-0.08545386791229248,-0.008643865585327148,-0.11141753196716309,-0.05400663614273071,-0.21513432264328003,-0.07937854528427124,-0.3007175922393799,-0.09425348043441772,-0.36165207624435425,-0.10279542207717896,-0.4160931408405304,-0.009466469287872314,-0.219096839427948,0.012203633785247803,-0.32336097955703735,0.027183175086975098,-0.3939374089241028,0.04083806276321411,-0.4565679728984833,0.025958001613616943,-0.19175344705581665,0.04303950071334839,-0.22724759578704834,0.01696610450744629,-0.1679735779762268,-0.0014829039573669434,-0.12477362155914307,0.05194586515426636,-0.1482064127922058,0.049107253551483154,-0.15959954261779785,0.026410341262817383,-0.12331289052963257,0.009652554988861084,-0.09596824645996094,peace
0.0,0.0,-0.03760170936584473,-0.018819808959960938,-0.055547356605529785,-0.05397301912307739,-0.023460805416107178,-0.07769083976745605,0.011372625827789307,-0.1023600697517395,-0.050596773624420166,-0.2151021957397461,-0.07567071914672852,-0.30264660716056824,-0.09237790107727051,-0.3638359010219574,-0.10323643684387207,-0.4188838601112366,-0.005620181560516357,-0.22277384996414185,0.014829576015472412,-0.32628026604652405,0.03198671340942383,-0.3955693244934082,0.04689300060272217,-0.45887288451194763,0.0295102596282959,-0.1964619755744934,0.054907023906707764,-0.2203124761581421,0.03320145606994629,-0.1600569486618042,0.015152692794799805,-0.1182248592376709,0.05432593822479248,-0.15299034118652344,0.06228083372116089,-0.1512088179588318,0.042716920375823975,-0.11055654287338257,0.02534019947052002,-0.08253073692321777,peace
0.0,0.0,-0.035980403423309326,-0.022568345069885254,-0.05216670036315918,-0.06107360124588013,-0.01730555295944214,-0.0813530683517456,0.021532535552978516,-0.09906071424484253,-0.045015156269073486,-0.21625876426696777,-0.06826245784759521,-0.30404648184776306,-0.08407574892044067,-0.3662674129009247,-0.09396612644195557,-0.4217175245285034,0.0003819465637207031,-0.22236549854278564,0.022918343544006348,-0.32332056760787964,0.041791439056396484,-0.39276641607284546,0.05850577354431152,-0.45519042015075684,0.035504698753356934,-0.19557583332061768,0.060066938400268555,-0.22297638654708862,0.03875136375427246,-0.1641674041748047,0.021832764148712158,-0.12071603536605835,0.05984652042388916,-0.1527348756790161,0.06612330675125122,-0.15455228090286255,0.04634886980056763,-0.11452388763427734,0.030400872230529785,-0.08481019735336304,peace
0.0,0.0,-0.03418236970901489,-0.017194747924804688,-0.04483860731124878,-0.05230778455734253,-0.000850379467010498,-0.07327258586883545,0.03909724950790405,-0.09413963556289673,-0.037548184394836426,-0.21116524934768677,-0.057679593563079834,-0.3005770444869995,-0.07223403453826904,-0.3643569350242615,-0.08212000131607056,-0.42077285051345825,0.00840085744857788,-0.21939808130264282,0.03041839599609375,-0.3204391896724701,0.0480494499206543,-0.3887152671813965,0.06228482723236084,-0.45083025097846985,0.04296302795410156,-0.19213271141052246,0.07317346334457397,-0.21398049592971802,0.05592840909957886,-0.15141522884368896,0.03880178928375244,-0.10664612054824829,0.06632256507873535,-0.14703422784805298,0.08064210414886475,-0.1453213095664978,0.0622442364692688,-0.10470080375671387,0.04351949691772461,-0.0745995044708252,peace
0.0,0.0,-0.04331141710281372,-0.029643774032592773,-0.05532503128051758,-0.08538931608200073,-0.01628875732421875,-0.12267863750457764,0.019291281700134277,-0.15680551528930664,-0.05167359113693237,-0.2389613389968872,-0.07799744606018066,-0.3281731605529785,-0.09520131349563599,-0.3899141550064087,-0.10641121864318848,-0.4439641535282135,-0.005241513252258301,-0.24581962823867798,0.013205289840698242,-0.35163724422454834,0.024702847003936768,-0.42107874155044556,0.0366746187210083,-0.48118922114372253,0.030369162559509277,-0.220622718334198,0.052493512630462646,-0.2759324312210083,0.030326426029205322,-0.21839338541030884,0.014972388744354248,-0.171921968460083,0.057230472564697266,-0.17888134717941284,0.05910557508468628,-0.205579936504364,0.04078209400177002,-0.1675647497177124,0.028752803802490234,-0.1358489990234375,peace
0.0,0.0,-0.04064500331878662,-0.032466232776641846,-0.051353275775909424,-0.0856584906578064,-0.013349294662475586,-0.11958211660385132,0.02225637435913086,-0.1499914526939392,-0.046885550022125244,-0.2378755807876587,-0.07204043865203857,-0.3262796401977539,-0.08782684803009033,-0.3881946802139282,-0.0974835753440857,-0.44234931468963623,-0.00022023916244506836,-0.24192464351654053,0.021653950214385986,-0.3454635739326477,0.035362958908081055,-0.41462141275405884,0.048650920391082764,-0.4743956923484802,0.03518801927566528,-0.21444165706634521,0.05856353044509888,-0.26202523708343506,0.035198986530303955,-0.2086537480354309,0.018262624740600586,-0.16580486297607422,0.060679852962493896,-0.1710573434829712,0.06457430124282837,-0.19360744953155518,0.04556870460510254,-0.15676778554916382,0.03261303901672363,-0.12614744901657104,peace
0.0,0.0,-0.040370047092437744,-0.03247487545013428,-0.05064350366592407,-0.08560174703598022,-0.012134909629821777,-0.11741697788238525,0.023040592670440674,-0.1483311653137207,-0.04438132047653198,-0.2372933030128479,-0.06912213563919067,-0.3258413076400757,-0.08511549234390259,-0.3875522315502167,-0.09512096643447876,-0.44222936034202576,0.0019071102142333984,-0.24046117067337036,0.023072481155395508,-0.3438218832015991,0.03812199831008911,-0.41278064250946045,0.05243337154388428,-0.4718027114868164,0.03673356771469116,-0.21221613883972168,0.060536742210388184,-0.26053541898727417,0.039256930351257324,-0.20847833156585693,0.022996366024017334,-0.16568726301193237,0.06185150146484375,-0.16847819089889526,0.06586754322052002,-0.18965035676956177,0.046565353870391846,-0.151383638381958,0.03235870599746704,-0.11907076835632324,peace
